id,Top_Address
1,0x00000000219ab540356cbb839cbe05303d7705fa
2,0xc02aaa39b223fe8d0a0e5c4f27ead9083c756cc2
3,0x8315177ab297ba92a06054ce80a67ed4dbd7ed3a
4,0x40b38765696e3d5d8d9d834d8aad4bb6e418e489
5,0x47ac0fb4f2d84898e4d9e7b4dab3c24507a6d503
6,0xbeb5fc579115071764c7423a4f12edde41f106ed
7,0x49048044d57e1c92a77f79988d21fa8faf74e97e
8,0xe92d1a43df510f82c66382592a047d288f85226f
9,0xafcd96e580138cfa2332c632e66308eacd45c5da
10,0xca8fa8f0b631ecdb18cda619c4fc9d197c8affca
11,0xde0b295669a9fd93d5f28d9ec85e40f4cb697bae
12,0x3bfc20f0b9afcace800d73d2191166ff16540258
13,0x742d35cc6634c0532925a3b844bc454e4438f44e
14,0x8103683202aa8da10536036edef04cdd865c225e
15,0x7d6149ad9a573a6e2ca6ebf7d4897c1b766841b4
16,0x0a4c79ce84202b03e95b7a692e5d728d83c44c76
17,0x2b6ed29a95753c3ad948348e3e7b1a251080ffb9
18,0x539c92186f7c6cc4cbf443f26ef84c595babbca1
19,0x868dab0b8e21ec0a48b726a1ccf25826c78c6d7f
20,0xbfbbfaccd1126a11b8f84c60b09859f80f3bd10f
21,0x1b3cb81e51011b549d78bf720b0d924ac763a7c2
22,0x220866b1a2219f40e72f5c628b65d54268ca3a9d
23,0x8696e84ab5e78983f2456bcb5c199eea9648c8c2
24,0xdf9eb223bafbe5c5271415c75aecd68c21fe3d7f
25,0x0c23fc0ef06716d2f8ba19bc4bed56d045581f2d
26,0x308861a430be4cce5502d0a12724771fc6daf216
27,0xbf3aeb96e164ae67e763d9e050ff124e7c3fdd28
28,0x0e58e8993100f1cbe45376c410f97f4893d9bfcd
29,0xf3b0073e3a7f747c7a38b36b805247b222c302a3
30,0x9e927c02c9eadae63f5efb0dd818943c7262fb8e
31,0x43594da5d6a03b2137a04df5685805c676def7cb
32,0x32400084c286cf3e17e7b677ea9583e60a000324
33,0xd3a22590f8243f8e83ac230d1842c9af0404c4a1
34,0x5b5b69f4e0add2df5d2176d7dbd20b4897bc7ec4
35,0xd19d4b5d358258f05d7b411e21a1460d11b0876f
36,0x8484ef722627bf18ca5ae6bcf031c23e6e922b30
37,0x7da82c7ab4771ff031b66538d2fb9b0b047f6cf9
38,0x2f2d854c1d6d5bb8936bb85bc07c28ebb42c9b10
39,0x15c22df3e71e7380012668fb837c537d0f8b38a1
40,0x1db92e2eebc8e0c075a02bea49a2935bcd2dfcf4
41,0x210b3cb99fa1de0a64085fa80e18c22fe4722a1b
42,0xfd898a0f677e97a9031654fc79a27cb5e31da34a
43,0x701c484bfb40ac628afa487b6082f084b14af0bd
44,0xb20411c403687d1036e05c8a7310a0f218429503
45,0x9a1ed80ebc9936cee2d3db944ee6bd8d407e7f9f
46,0xba18ded5e0d604a86428282964ae0bb249ceb9d0
47,0xb9fa6e54025b4f0829d8e1b42e8b846914659632
48,0x8d95842b0bca501446683be598e12f1c616770c1
49,0x35aeed3aa9657abf8b847038bb591b51e1e4c69f
50,0xb93d8596ac840816bd366dc0561e8140afd0d1cb
51,0xa7e4fecddc20d83f36971b67e13f1abc98dfcfa6
52,0xb5ab08d153218c1a6a5318b14eeb92df0fb168d6
53,0xdb3c617cdd2fbf0bb4309c325f47678e37f096d9
54,0x7ead3a4361bd26a20deb89c9470be368ee9cb6f1
55,0xd5268a476aadd1a6729df5b3e5e8f2c1004139af
56,0xd47b4a4c6207b1ee0eb1dd4e5c46a19b50fec00b
57,0xd65fb7d4cb595833e84c3c094bd4779bab0d4c62
58,0x595faf77e533a5cd30ab5859c9a0116de8bad8db
59,0x1bd3fc5ac794e7af8e834a8a4d25b08acd9266ce
60,0xf481b7fab9f5d0e74f21ae595a749634fb053619
61,0xa7c0d36c4698981fab42a7d8c783674c6fe2592d
62,0x0548f59fee79f8832c299e01dca5c76f034f558e
63,0x79f67f689b9925710d4dda2a39d680e9cea61c81
64,0x7f1502605a2f2cc01f9f4e7dd55e549954a8cd0c
65,0x368d43c23843ca9b49dc861d80251bda6a090367
66,0x2d1566722288be5525b548a642c98b546f116aa0
67,0xb4f4317b7885de16305d1303570879c21f378255
68,0x84bf16e7675cee22d0e0302913ccf58b45333ddf
69,0x6d9d2b30df394f17a5058aceb9a4d3446f1bc042
70,0xf443864ba5d5361bbc54298551067194f980a635
71,0x835678a611b28684005a5e2233695fb6cbbb0007
72,0xa1a45e91164cdab8fa596809a9b24f8d4fdbe0f3
73,0x4ddc2d193948926d02f9b1fe9e1daa0718270ed5
74,0x376c3e5547c68bc26240d8dcc6729fff665a4448
75,0x558553d54183a8542f7832742e7b4ba9c33aa1e6
76,0x084ef8564b4f75a70b7ad5e8aabf73edac005397
77,0xcac9c634b4464efe71a9a5910edba06686baf457
78,0x04b7f4195595d8132dd8249cc8dc7e79a6ae772b
79,0xff2ac8c5834a7585fcc97edb8ba2431c4beab487
80,0x4ed97d6470f5121a8e02498ea37a50987da0eec0
81,0x6e414cfad874d8ee716ea0299d40011207c907b8
82,0x19bf56fca395a600c20f732b05757f30ad24a719
83,0xfcd159d0fef5b1003e10d91a5b79d52bbb8cd05d
84,0x8ae880b5d35305da48b63ce3e52b22d17859f293
85,0xa463597d49f54fe6a811fb894cbd67c7f92852b0
86,0x5a710a3cdf2af218740384c52a10852d8870626a
87,0xa160cdab225685da1d56aa342ad8841c3b53f291
88,0xbed96d0840201011df1467379a5d311e0040073a
89,0xe3f8250bdc233d93875c15c25d725fd509192d60
90,0x4eac9ce57af61a6fb1f61f0bf1d8586412be30bc
91,0x76ae5632ae65d95dd704218920f7d8ac4daef9cc
92,0x67f706db3bbd04a250eed049386c5d09c4ee31f0
93,0xd9858d573a26bca124282afa21ca4f4a06eff98a
94,0x4fdd5eb2fb260149a3903859043e962ab89d8ed4
95,0xd8d98ee915a5a4f52c40d97fcd8ffadea1ee8604
96,0x2d89034424db22c9c555f14692a181b22b17e42c
97,0x40f50e8352d64af0ddda6ad6c94b5774884687c3
98,0x85ce6d7989c8133c31c8fab6a2d2c48a9d9273a1
99,0x36b6751586614d647d8a3f495e82bdcf250914c8
100,0xe9a5a2acfa9bee149ed28fcbf12b60ff2ad97efb
101,0xe93fc974908003faddf0bd972b05b6494368d3f5
102,0x303c741bb15c9c4b1c72320f6df702b32da80519
103,0x28140cb1ac771d4add91ee23788e50249c10263d
104,0xc56fefd1028b0534bfadcdb580d3519b5586246e
105,0xf196c023de1f19d6529133759f449c4b01ce0f51
106,0x86a6a0080b1a4c9390416cf73ffb02738d94f8d6
107,0x0dbd8de20eed94a5693d57998827fcf68ed2ecf4
108,0x9030dcb01830eaa3d8ba285a824a05d8fb489ad0
109,0x807cc0e799dcc651d94595e1f7f6e7373ef8f96a
110,0xa580e49df5d054d69cf1b2ef4af847c6e6f64d30
111,0x9b07c94f1d39d24b68da8ff7c78adb8b70238a75
112,0x22a54a1eb8c573bbf845dd1ff64c8df05502c1b0
113,0xda29accfb77995bef70bcf6478a73e9acb07732d
114,0xf29c6705f188526e0029a92ee6bc21ebc750b675
115,0x03d615c04be905790dbef2df0472a2e901ccd810
116,0x5d71f4d4f6048112a3b21433fbcfba5f1f39549f
117,0x6fb8ebc19bc2a9fa4413ba6a0ca6fa99e974b461
118,0x0ef3794802b55bc4464114c3df550430b53a3506
119,0x1bb762b16438f8b287626fd1042bc6f6848cc286
120,0xad0d53cf033ab63dc72d653640766ee1d366cef6
121,0xac08f21ef597a51865d69896f09b52472acde80d
122,0x6586ce3d543e0c57b347f0c3b9eeed2f132c104f
123,0x3f4ac8d3e1414b5351e632391908177c012c65cc
124,0x3727cfcbd85390bb11b3ff421878123adb866be8
125,0xbf4ed7b27f1d666546e30d74d50d173d20bca754
126,0xb3764761e297d6f121e79c32a65829cd1ddb4d32
127,0x1e547eb395ac9c3ec41704ba85777dbcdd359de5
128,0xbddf00563c9abd25b576017f08c46982012f12be
129,0xb46427e2cddecb0bde40bf402361effddd4401e2
130,0xa90aa5a93fa074de79306e44596109dc53e01410
131,0x2fd56159f4c8664a1de5c75e430338cfa58cd5b9
132,0xc39cc669a548c661dfa6b5a1eeaa389d1ec53143
133,0x918fa381cb534677bad24afb29cb3c2acaf16385
134,0xd2b0b1daed605718080f861034d3241f1cfd89cb
135,0xfdfeb7474b6b104f32599948bb7f8ed81b06def3
136,0x682aa4ecb9c8ea51b22433189e979cad3f958711
137,0xf7858da8a6617f7c6d0ff2bcafdb6d2eedf64840
138,0xa7efae728d2936e78bda97dc267687568dd593f3
139,0xc882b111a75c0c657fc507c04fbfcd2cc984f071
140,0xbf94f0ac752c739f623c463b5210a7fb2cbb420b
141,0x11577a8a5baf1e25b9a2d89f39670f447d75c3cd
142,0x0a8f6257ef3ed3efdd8dd18dd9294d3e333ad7fc
143,0x7ced76dde9203a554df01cbb1ed0d17e9bce7524
144,0x10cad69cbd241d36ed8c6d83a9f30b380134d1bc
145,0x92f71d08f5ee94a7bf40fab05beda3545b55ad2a
146,0xb3177d9873b7ac246874114d8760e66dc5e797cc
147,0x6b2069bde6b87d0f882abbdc6eb4fcbd0a90bb96
148,0x831c3720681096f276cb016b51a33433d7cb2faa
149,0x1b7b5b4bed048d86976d7cf51d9c4ea24e20ade7
150,0x9aabd298b30d034f8c64f86aa25fc74b9f70930f
151,0xe27f62b70ab44d7fd1842dce66138a31940fa29a
152,0x755cdba6ae4f479f7164792b318b2a06c759833b
153,0x434587332cc35d33db75b93f4f27cc496c67a4db
154,0x999e77c988c4c1451d3b1c104a6cca7813a9946e
155,0xd6216fc19db775df9774a6e33526131da7d19a2c
156,0x1e2fcfd26d36183f1a5d90f0e6296915b02bcb40
157,0xd65d71e5ecccfcf72b84cad65370626e048d1b33
158,0x1f72b240b6fffceba07bdaa097cc7b216a643a0f
159,0x4e5fab20b7b83c6f557b20c820883eab0a0b343b
160,0x3fd6b1e25200fdda352cbc911ffcd4308895a7d0
161,0x54cee0ef273d3d08ed120b0c561c0284a4c4490e
162,0xecef66258cc21cb742ac34c68375b311fd3f34cc
163,0x92cf9066c657b1f63a7a2dc37255b31be6ef1858
164,0xc4d5b7c576edfbac20fa081cff79ec745193e207
165,0xd548dd6ccc7a563346372fa0d8cef06e1683b0e3
166,0xcaaad25746a0e04a3c7eff86422991b00fd3d76a
167,0x1e143b2588705dfea63a17f2032ca123df995ce0
168,0x3bc643a841915a267ee067b580bd802a66001c1d
169,0x4920f22b632bfaa40af8d39c31d9607809485952
170,0x47029dc4f3922706bf670d335c45550cff4f6a35
171,0x282edab8a933bc1c02649fe3ea2842ecbe9928a7
172,0xec6a76e74b9a5ad49eda0aa63b91c2c53cb65a9c
173,0xe25a329d385f77df5d4ed56265babe2b99a5436e
174,0xd69b0089d9ca950640f5dc9931a41a5965f00303
175,0xae0ee0a63a2ce6baeeffe56e7714fb4efe48d419
176,0xe4f4866437513e7e023fb3933ba43045312b7459
177,0x52e86988bd07447c596e9b0c7765f8500113104c
178,0x1342a001544b8b7ae4a5d374e33114c66d78bd5f
179,0xd4914762f9bd566bd0882b71af5439c0476d2ff6
180,0x5bcd25b6e044b97dfc941b9ec4b617ec10e1abcd
181,0xa43d2e05ed00c040c8422a88cb8ede921a539f92
182,0x998a7fd73446cd6532bf3058a270581730b27137
183,0x6774bcbd5cecef1336b5300fb5186a12ddd8b367
184,0x904cc2b2694ffa78f04708d6f7de205108213126
185,0x693be1ea307e3b3826d34e96336399969898dee8
186,0x8c3389616404fda275cfdba0c7b0b3d1fee9ebdc
187,0x7ac0d327c18dc46f603e127b89db0a5b749dc069
188,0x26648eb66f11fe2e9d7b874981e8eefe6567b9df
189,0x51cab40a6895d2a5c092f3766b3b9830884b0adf
190,0xa0e239b0abf4582366adaff486ee268c848c4409
191,0x2842eb68fcd748e92acb44d82a9e315fc7dc650d
192,0x05576087d1ad92873da0a3b76e7105195935b0f5
193,0x7c2a289c0523e748c286a37570d2efc16d2c934e
194,0xb10edd6fa6067dba8d4326f1c8f0d1c791594f13
195,0x795cbc7a670d06e56cd2197d4ca175e081a416ad
196,0xe3f53355cdbeaf2afafc4fc22be0a5c02570061a
197,0x5770815b0c2a09a43c9e5aecb7e2f3886075b605
198,0xe3ecd65cf2ad2eba2aa2be1d0894753b2172abd1
199,0x991a7ff3cb20d5b5d6d9be5efec4e4c51cddad7a
200,0x73af3bcf944a6559933396c1577b257e2054d935
201,0x46f80018211d5cbbc988e853a8683501fca4ee9b
202,0x7df24e36497dc9f6edea0a024a595a930049ee47
203,0x1b8766d041567eed306940c587e21c06ab968663
204,0xd49a1525b46f9149ff665807c925bd83b5a6d7e3
205,0x3d9256ad37128e9f47b34a82e06e981719477c18
206,0xceffc7330317f72957c662d072a5e7d63b9b578c
207,0x50cb0508434b4c68a2c4fde30b02b269d2d5b6bd
208,0x50bd66bfddf48b8914602bf51c93756731ec51ae
209,0x5a03703125380cfda804446fdaa3b4064cb6cc0a
210,0x6220d7a458a68d6a554e5904792049fd2ef6bbcc
211,0x07f1d450b16e53302931c5362ee0ab41f2978541
212,0x98ec059dc3adfbdd63429454aeb0c990fba4a128
213,0xc97b6e3e4301617f617b23120f31303e8ccee606
214,0x565b8fbf9336bec8fbfb4f78fbf30d7f70d6973b
215,0xe780a56306ba1e6bb331952c22539b858af9f77d
216,0x6b378be3c9642ccf25b1a27facb8ace24ac34a12
217,0xa18eb0ed2543be132ef5aa3c8a87a0f5b2e30fca
218,0x1e747fb111ba949af397b15cbceb424d3f19d8a6
219,0xc54cb22944f2be476e02decfcd7e3e7d3e15a8fb
220,0x7442041898dc3f8ed76fa4e00a762064c87991c8
221,0x7a95f1554ea2e36ed297b70e70c8b45a33b53095
222,0x4399f61795d3e50096e236a6d31ab24470c99fd5
223,0x0016c0d0343e8f2c3a7b6a51606b84b1545ec606
224,0xcfee6efec3471874022e205f4894733c42cbbf64
225,0xee471215e428c08ba69751627e5f6761bba7ae18
226,0x2eb08efb9e10d9f56e46938f28c13ecb33f67b15
227,0x0c501d43206b97fa4300f1b0962742b4f938f70e
228,0x8c1fe06904a6e642b1e8c66b3ee7fac83cc46873
229,0x6e29f75b0350fd0e85ee34a21ef94767b0186996
230,0xec5feafe210c12bfc9a5d05925a123f1e73fbef8
231,0xf9a345948c9f31b225686ab8911140b0e2bcdca8
232,0x7f3a1e45f67e92c880e573b43379d71ee089db54
233,0xaacdeeab334a8fd81baae72bc34274d1e57227a7
234,0x0afbaf9dd49d5d7b32bc196a1d5fdf0a611f60ac
235,0xe5bb1523743d3a3c1eb6682060e3c3b0041db563
236,0x7713974908be4bed47172370115e8b1219f4a5f0
237,0x70773129aca50d298631283e137473ab8ffc0177
238,0x97e813b9a81d097e60a5e6311bc9a475199b67ae
239,0x42697cc8cb495aebd453d016950344867d51f27e
240,0x40638e9fe6005d9c1f8b7a7b4dec086707fdc84d
241,0x1ac33f385a4e9fe2d809a81c5c10473f81ee0ed3
242,0x367d1057813de939cf8eefd0c2a560e53082a326
243,0x49be8a0773824e2917f4baccebbdf298e7cf27bd
244,0x90f9dff16f9efafeeb8b130dc5d3562ac5e76a96
245,0xe9405bd9845a488e4c5e5e6d972fea932e2e4a3c
246,0x3b9de915fce667b90f919075c4d10067b15192a9
247,0x9168765ee952de7c6f8fc6fad5ec209b960b7622
248,0x093c06ab7ffe19bd3efc8a55548bdf4285505577
249,0x5696ae5ad2c22a4afc03bbae5bf18ca9278ae5c5
250,0xf2d4766ad705e3a5c9ba5b0436b473085f82f82f
251,0x4b068fe2cee007a48db70b28047470ded49d6aba
252,0xddbd2b932c763ba5b1b7ae3b362eac3e8d40121a
253,0x379825f8da776b573a63404a5c499c8a379a131f
254,0xf367ae3ec7941e5145eebe0a820da59a7df82012
255,0x65f6db242a5eb6037ecbccb9fdcd9666fba8d1cc
256,0x8729dc4831577d8a30e28e264d974745d9a92335
257,0xd641651ed7e19a04ce536610d75b3dcaf427ad73
258,0x37e3bc492735d3d84f2b126cffaf4f0a95bff049
259,0xad7f791974169973443c496eaa102f1a7842003d
260,0xabdc9f1bcf4d19ee96591030e772c334302f7d83
261,0x2563328d58ac7ee9e930e89c29ce96046a291207
262,0x2dca0e449ab646dbdfd393a96662960bcab5ae1e
263,0x062448f804191128d71fc72e10a1d13bd7308e7e
264,0xba9b0c7552e36900b434d4b593d0a4295cec36d0
265,0xd72fcafc43706d5854d034bf25cb96a07465c435
266,0x790137e76f83acb16c100bddd2fa2cd2ba8a540f
267,0xe825363f3bedabc95b2a9d42dbc73ec7b82b57d3
268,0x3530210047414414622f66d8e76dc65efa4714c9
269,0x78e3984e1ab1c3eb560cbd5b42b635e1cd341bc2
270,0x397510f7c4909eb2c30959f1470ffad7eb3869dd
271,0x06a0048079ec6571cd1b537418869cde6191d42d
272,0x6130611f7a65deb930bd0c0825af88078fcced43
273,0x04786aada9deea2150deab7b3b8911c309f5ed90
274,0x1b1877fba975fa4cbb14bb28f2b51c21cfc6f477
275,0x5a85aafa7fbca99ea32df27c33b14831feeb20f9
276,0x2efb50e952580f4ff32d8d2122853432bbf2e204
277,0xefd04d371f346c04cec89568da832d45c5f1f3c6
278,0x9f2a6fa34ad8f0e8acdc77c24573b0324de97166
279,0xa3307fa292b7dd2c91218d5688556ff7eb1e5f88
280,0x618c8f4771bb2fea91cc936a37d804863c6027d0
281,0xc79104b157573a322338776f56946825b06bdae3
282,0x64192819ac13ef72bf6b5ae239ac672b43a9af08
283,0x0111c0ae7b04a773b6f73d7fe65006713678f0c7
284,0x0aa688e6fe70ed7af4b18ebad588d5d7a553c958
285,0x0b73f67a49273fc4b9a65dbd25d7d0918e734e63
286,0x6262998ced04146fa42253a5c0af90ca02dfd2a3
287,0x08621b0c521f58075c067de155bd6862ae68e482
288,0x184744fb0ae65515732b76b6480d01975009af1a
289,0x403a7a62c5b5f3a4cc3d6ef1fb5d283a8d2427e1
290,0xdca6ab9508d28c0eb7b120b8252041edcb56753f
291,0x85ad8bdf4a7b81cb647b90250b5b2f83cf23efe4
292,0xd04daa65144b97f147fbc9a9b45e741df0a28fd7
293,0xdc24316b9ae028f1497c275eb9192a3ea0f67022
294,0x14407276f054004a4c5807c779416fd3106503af
295,0x520365aa0a0f4f42443607b3894503968407af7d
296,0xf89d7b9c864f589bbf53a82105107622b35eaa40
297,0x70cd5778307be9390a5ed8edffaf7398b333d124
298,0x6dab3bcbfb336b29d06b9c793aef7eaa57888922
299,0x38b50146e71916a5448de12a4d742135dcf39833
300,0xb5742a2dde347217efc3a7eb54bf753d1ddcd469
301,0x30b86f843a10ec6b28e8fa76b8b86d8317c708b6
302,0x111cff45948819988857bbf1966a0399e0d1141e
303,0x6c064fb0b9956b111fdcfe4297c03c980dd7730c
304,0xea3aa67237e3f773d30b01034c63021eff59e158
305,0x6841731d5183fb7ccf89689b2e37cfdb8bf6799e
306,0x078a9e1b56850dc9be25c20fb0f980c60775cf46
307,0xa97beb3a48c45f1528284cb6a95f7de453358ec6
308,0x1eddfb5ef9d8a66d1ec39292a7d1ab42b865e04b
309,0xdfd0d9b6607c13e6437eef3800708f7a4c6a72a5
310,0xe518e9619873b055f851fb7c48229029dfe33fdc
311,0xf7f2da1c2133aa54d758a59ad7c437c0121553c1
312,0xb085aa12d33c018254e7f844956b1100628e50b5
313,0x56670735fd23507a5b5c9710ea55e4621c7ee3a8
314,0x6b19c2473aa0897bc821f744ca86b364219b2bb1
315,0x3097231286c38340e438247805f1aeaa2f51b953
316,0xff64a8933e05c9d585ab72db95d207ebee9be5a8
317,0x491561db8b6fafb9007e62d050c282e92c4b6bc8
318,0xb5ab1ec3feac6134ab3cf7f0126d873929f756a2
319,0x1fe29b608c1cab7b7354fc96c7bbb2a68355ced6
320,0xa32e317f86ba61e87083e3e39bebba3837697678
321,0x896dfee1afeb6336e86911bd5a341c1264e5611a
322,0x69073269729e6414b26ec8dc0fd935c73b579f1e
323,0xa0f6121319a34f24653fb82addc8dd268af5b9e1
324,0xa7e15ef7c01b58ebe5ef74aa73625ae4b11fe754
325,0x92694498ac23728b1faf8d8ae083510bdff515ff
326,0x11f52057c6969b4df9978948caa560a635a7fd3d
327,0x4cc61daed7824ff8b5081f204e16bea330c2eeab
328,0xf8047b8b16876435214b7b8ec6836a707b56a469
329,0xa2f6abe26fe0e1c1f2684ab002ed02a59ffbf85a
330,0xbc9b1e338fadf78c6a5667d1efb11c75b627a5fd
331,0x5d8f71af4f6afd7f89c2bb9db7d7f95f5ae127fd
332,0x651bbd829a7cbd32f35dfc099cbde1e04789393c
333,0x770b376dca76cb1e190f9539010bce8d96c26bc6
334,0xa3f480eb9e0a0d91d20538464c89a7d3d4951b63
335,0x84712cc955ab7e33540d4ae4ed5838afb9b17f04
336,0x77134cbc06cb00b66f4c7e623d5fdbf6777635ec
337,0x05d5dd85827200b98fb24f585e395bcf9e2d8de0
338,0x3262f13a39efaca789ae58390441c9ed76bc658a
339,0x24c030caf0aab4e8aea86ab913a59fa909a659d5
340,0x62296d196da9f6d4bce22b3e4c9222a501ad6639
341,0x9e7972d68b9ec0980ffaca75daf7ad3ea84d9137
342,0xae5d3d7ad60939bc9f0a5588457b5e75fa458d2e
343,0x441d3663b321fd828350411641d7c9d57a183fcb
344,0x78d070de6735ef2f21d0a6532a9ae254cae0aecf
345,0xb17c443c89b0c18e53b6e25ae55297e122b30e5c
346,0xee5b5b923ffce93a870b3104b7ca09c3db80047a
347,0xcfdd7568504e341f805b8acf43e720fb364efed1
348,0xc8dd597fcf3c5d0b1c481201ddda275a860f4199
349,0x955a27306f1eb21757ccbd8daa2de82675aabc36
350,0xe7f13fa41185994ad813ae870a97833228ceeb01
351,0xb203e1170a30e68dc5b20aac08aa42619842c79e
352,0x57757e3d981446d585af0d9ae4d7df6d64647806
353,0x69a8ff64ed164ed3d757831d425fdbe904186108
354,0x2fb6db0fc654925ae4aad32ef06aa2b4a5684dda
355,0x2ebb9a5111fc3e1ce4ec0b10a9f4ea47525c1ee1
356,0x7c0c71d143c0ab9e1abc793b14d99b5cf8765e62
357,0x517c46825fb35c273de66d71dcef0d7b63b1076b
358,0xb3e45b73401c0acae07751e5c062bf98639c7090
359,0x4ae51f92c4569ad0a7c0efd4084c331a1490415e
360,0x95cddecd01856aa896426bd1ee021d87f3a5c199
361,0x63b69ff1dd735dcc4556257e63604a7087aef640
362,0x7711be4c8ce719146667e21b4829fb839f5cc28e
363,0x06f6bbe65d594e046971a1a0337c838e454bef33
364,0xafedf06777839d59eed3163cc3e0a5057b514399
365,0xe8e8f41ed29e46f34e206d7d2a7d6f735a3ff2cb
366,0x738ca94db7ce8be1c3056cd6988eb376359f3353
367,0xc0bc8ffc7d1339ccf81e8f4db0ca0bc82f30bbf6
368,0xe9b45c2973ed20285ac66966eebd52d5e0fe7362
369,0x01e94b2bf66297c0fc3841f3edb6f49f080a801c
370,0xa329e0274b764c45873346098ec9ddcec1546731
371,0xddbe36334fa75a371c22ecb4cef41d66061564b3
372,0x0017408209fd546fda8f5f5135ebfb346a7cfabf
373,0x0000000000a39bb272e79075ade125fd351887ac
374,0x17907a61ddea6dfb4f8c3f5dbcfac086303b8653
375,0xa23cbcdfafd09de2ce793d0a08f51865885be3f5
376,0x88a1493366d48225fc3cefbdae9ebb23e323ade3
377,0xcd564d45654b7e90738ad4f578248704c361e391
378,0x8d4cda7c2ac8f4ac35dd8d1491c9058cc7ee4e0b
379,0x8c11bda622e6780ff36e5b4d887db5d186367df9
380,0x072b8ec96f4bd51d85d2c9507cad23d930623348
381,0xcafeabed7e0653afe9674a3ad862b78db3f36e60
382,0x8b34b14c7c7123459cf3076b8cb929be097d0c07
383,0xb8040536958d5998ce4bec0cfc9c2204989848e9
384,0xe4d63bdfb451227a49b6ddc047d680cc7e84b6cb
385,0xdc83adb3d66938bcd8e1b9a6add8d370aa738410
386,0xcffad3200574698b78f32232aa9d63eabd290703
387,0x7a5e99e67d6a5e8995f93d90d34ccb4b58524585
388,0x4caab33b374048d87f8e7f383f88bd8f08b93440
389,0x15e34a8324164ef0890471f6f527451f7a22cf12
390,0x00589aebfcc0f139d585721a66d01c4fb25a6a1e
391,0x17a96a2103c69c8d283bd8b229938bf339d67364
392,0xf4e11b89519eccd988a56749f1c64ad9bfe0298f
393,0xebec795c9c8bbd61ffc14a6662944748f299cacf
394,0x0b691757950dc0781c0a56b7ce6741f04b04c977
395,0xa4ba59edffeb8bf4036907b3cd2bc4da8c90f5c5
396,0x237b5ad89d6513630b71bbf783c1edcc84fb6aab
397,0xddf744374b46aa980ddce4a5aa216478bf925cd1
398,0x8408b4ff79195dd2c1b903204b3b41becc4bb486
399,0x80fbb6122b8e023988e640db1ae348a10a7933e8
400,0x77179080c8f265a93e25ae29b99446c5eb2d4558
401,0x649614d3f7a7d68b3cf3c00264a07eeae4326fdc
402,0x1e227979f0b5bc691a70deaed2e0f39a6f538fd5
403,0x3ac7396b9dd049cba2db72934f7e35752147e364
404,0xbe8fe56063aa85014ea674db171dcba015c3a4d4
405,0xde8b1b1c6501c4aac85df0e64a198fb7bb65ea60
406,0x205194d171c74e9efa3ca53a0f78e48472cac621
407,0xd01ae1a708614948b2b5e0b7ab5be6afa01325c7
408,0xedc4402812c1e4d8312a5a2ed7bfee89c49613ba
409,0x79b91d213e019c62e6d1ef87c2e6e9fd07320373
410,0x6fe6b1ab512a0bbef752086bded463107dd8ba15
411,0xabf81ecd63f1e4816abb1747aedbcde720459fe0
412,0x378d1814b1d3d84c10a51317d26584b61c70b617
413,0xe09f3fd42f4b7d6d2d70d412298973658f2b23b5
414,0x02d3e24545ec92951e51a953b4d24068e7c6d8a4
415,0xa40f46d4dbd33be5f4cc11772e95f8fa8dc67dab
416,0xc155e5ca4e17041333ae66728b1fd77bf178be74
417,0x5a814d65a25cf2463f8988a2ca685012fcbc30be
418,0x3bbf4e8fadbff1be660b2fd6cae33314caeaa301
419,0xf197c6f2ac14d25ee2789a73e4847732c7f16bc9
420,0x9b0e462214e6bb5345ad3b78c09f7c043eb4fd6f
421,0x5f397b62502e255f68382791947d54c4b2d37f09
422,0x43ab622752d766d694c005acfb78b1fc60f35b69
423,0x89f813c9e0f95059456701d0fe7dfa7e1d233ed1
424,0xdf3288f9e54809c97edabdeb8f0c3c26ce0f5192
425,0x67fad242e46bcae9c23c0ab59b7c55ae7fdff34e
426,0xaf25663da625032c2f486a28b6d55b8cd22b74cc
427,0x82dc7ebd4b26dfdef8e5939ec415f0929401bd31
428,0xeb794a13dcc8710f6578070e884a20c1dde4b28d
429,0x92982bccb608936be803fad34c03414e888ee1de
430,0x4085607d49c5e6eb9af262a156a9089cd04d3e5c
431,0x830b9eba30096ee7d8b10dbe4a5912c5ba69b019
432,0xb909543fe81a472d5bc9af8f66b896aa3159141e
433,0x6dc803efb26f5713d6ae5169b818c3b5dc9a64e8
434,0x1d5a591eebb5bcb20f440d121e4f62e8d1689997
435,0x7aad70f2d9a1b3e3c1c1db4ae1f1eb5c1e32ab6d
436,0xcd4a584d5938a431083183055ac7a066aa3e1985
437,0x184f1960bafd44e8ad8d56ae91ce641678a48602
438,0x6a51d95b6f9e24b4ae71fe4751b12ff87ddb19cd
439,0xab3c66a06a5940b811ad1d98d8b6ea5456657993
440,0xabea9132b05a70803a4e85094fd0e1800777fbef
441,0xf8092d0679cc835b3d51d46163e649f2de5c680d
442,0x14bbf6493b7923284e4957fa4de9f3c2b1bab120
443,0xc3ecba28af450e2ed469164766751130d93ecc36
444,0x253f1e742a2cec86b0d7b306e5eacb6ccb2f8554
445,0x1c4b70a3968436b9a0a9cf5205c787eb81bb558c
446,0x914b432dad9c29c081f93d84790919335bcbd33f
447,0xd64a2d50f8858537188a24e0f50df1681ab07ed7
448,0x3c8fdb4b682a6149f5c90821d9ce94940d567a7f
449,0x41d02938752a066fe5b69fb3f4f3efbc33aa223c
450,0xf770ef2e23bae5de5f7dd0cfe56fe68c8c3cfa48
451,0xa370a8b4bbd90429bad8b34551cecc2af672e9e0
452,0xe928828e62123b59656ab371bcadd7771d301261
453,0xddd5c28028db9b0474c87649f3b265f7a0af3651
454,0x24cc59bc6d1e5145b073a5e5aac1486d1548a7fb
455,0x6a7b2e0d88867ff15d207c222bebf94fa6ce8397
456,0x3b7f0c36d59a8c9c5e4ef2210d18651b17f82d86
457,0x14fd2489f8dce14e9a14a60b23c1cb54527c2c1b
458,0x2449bfe8754b79add948bb3814aceff176b6e559
459,0x5608c231745fe46b9f73058cde0d86ac0ff0df38
460,0xbf4e47672b9418865bb27147d1b09fcb00573c06
461,0x5ce2e7ceaaa18af0f8aafa7fbad74cc89e3cd436
462,0x0a636a76405627698880b96dc9e96b0c12aa90b9
463,0xe652a5404f5867ba5d9ece2b95f48b3a267f6d69
464,0xda0f9efb79cca7321adf4bc56fbda57232ded986
465,0xa3932a31d6ff75fb3b1271ace7caa7d5e1ff1051
466,0x93a107b4bee1c3679d42ff97d03582d2ead43fd0
467,0x8660f250d912c528285747da47518a94e56899a6
468,0x84678bbe94eeec41e312cc9e557217926c6b2f6d
469,0x8f5e73014d00bee5f88505db1950830373911d3a
470,0x0dc0dd9978de3ed2a9ccd64e1a5f051050d9a55c
471,0x58eaa8177d4309a8bb83205e49a8468cfa799d7e
472,0xb1cd4bdfd104489a026ec99d597307a04279f173
473,0xd942de4784f7a48716c0fd4b9d54a6e54c5f2f3e
474,0x12afbcba1427a6a39e7ba4849f7ab1c4358ac31b
475,0x02b6d65cb00b7b36e1fb5ed3632c4cb20a894130
476,0xc5c75caf067ae899a7ec10b86b5ab38c13879388
477,0x91056475a96c5bf3ede4bba4d4b856c4210b70cd
478,0xa6b6f509b205a199962585f094d53bd89be619fc
479,0x73e47ed13c96bbfa3301565226f7650c171c65ae
480,0x27ca5d05bb99a31c1cb793c8679f605ea58c1dd3
481,0x1514f411b9c7fcc763af4d97182b26e2df162552
482,0xe551729730118c7114e9465f3743a73c417090a4
483,0x329b872573ba71bef919ae216de07158a872629d
484,0x53a6513a945c263fb7868e62959d55543a9f8b5e
485,0x083937d7b7e7620c63356fdf07bf50dcd8c61551
486,0x809817ed1b3d124067c43c79695c816285897673
487,0x3ed847c6657a30cdb2d75d64963653bb955549df
488,0x9f04ebdecb2db3b063966dd268f9d28fdf02c6d6
489,0x4fdb97ed75b9e7e30601e62f7be0694f31eac8dc
490,0x9a421241c98bbb8ae013e4a5f85e5067e3874d16
491,0x99fb6ce36c483d1538db14c58bbb1f967ae17bc7
492,0x84a81673851c6c024b825fe58afbb8a5ba0d927d
493,0x6c831c124f02ab3df986c640fb36cb70ebec0232
494,0x94c055e858357aaa30cf2041fa9059ce164a1f91
495,0xbd9ed5848af944ad0e7796101e50287ee3260426
496,0xcbad44d01ae887bd0295aebf4bb0c28abfc14a17
497,0xfb90d21c9c40153a87058a98bc124529a0500537
498,0xc6ee35934229693529dc41d9bb71a2496658b88e
499,0x8f509a90c2e47779ca408fe00d7a72e359229ada
500,0xb671e841a8e6db528358ed385983892552ef422f
501,0x8e352419a619e51b582399872dc41f9bbeb1f637
502,0xe47e60f6b8b13c079e3c27e1f855a79e16ca8d54
503,0xfb1f0e24e3df3e7165c17c668316d70e77563884
504,0x997114ca0830e9bee7443368fa27f4af2d4e55a6
505,0x07fe1752b74395ab1b71d94c46ee121d0a61a26d
506,0xf51e589bdf6aabccbda45794329f7d0574931a82
507,0xd24400ae8bfebb18ca49be86258a3c749cf46853
508,0x15e3d8a0123c33af7d91372e960dccd6b5bb2999
509,0x7a8c531438daed6a8836025cf3566648c1d4a7c9
510,0x170436fd915b5481612b5923e45054b6af25fa9d
511,0x117f55bf3c2e3bcdc7f308504480ee53f754a7ca
512,0xff9b84447ab2fad78ead48c080bfee9c6479c235
513,0x4a34fedf244fc3b38ec51cb18a1672dfd46b96ce
514,0xc8519f29bd818a4f8da7c6b7c50b2a7cbc2131c0
515,0xf546c8d069e9aa511cd8c11e0951714544a0479f
516,0xd135913f966d874078822b06b50a645a665d9f6c
517,0x6b74c3791c43b30d3822ffa70679b2a82e88f131
518,0x818d106086958246cf57a6063eaa624481267d8e
519,0x86523c87c8ec98c7539e2c58cd813ee9d1a08d96
520,0x0c894f942833ceacd7dd71d7a040f518b338c67d
521,0x53b36141490c419fa27ecabfeb8be1ecadc82431
522,0x03eb9a9d211ede0c540f2abe096584809de94e2c
523,0x2f71d24312e1c667ac1bf308f8fd1e34129ee2e3
524,0xaae3630edf4ad72bec20f930180cc02a566b8ad9
525,0xaa06a9e8c44db313725f658a25f60df0ae5c1f72
526,0x8e2737d41082a03fd733e937497754512ad25fd0
527,0xa3c5836644cfe5fd1bbb68cf35c42cec6b634559
528,0xedcad026a5bcb6dacecb8501b8f1c86d6679450d
529,0x7ffbafdc1e4f0a4b97130b075fb4a25f807a1807
530,0xb7e7435db2e0f3ff01dd683609d13a082e71e645
531,0xea14f40846b429b6bdd013e95ac364fb1f0da051
532,0xde10c6efc46f751c962b647153d5cc777384f386
533,0xaa124d00298d883d98f5983fa43fc5d7d8b367a2
534,0xbe776ae2e62ed017fce5c7c9f4125626d4bc5ae9
535,0xa646e29877d52b9e2de457eca09c724ff16d0a2b
536,0xdc81b4b18881535ae033d924e6c9719348bdd3b8
537,0xec9fc235a8064698a2533c2d489deff4fba8226b
538,0x3f08f17973ab4124c73200135e2b675ab2d263d9
539,0xe1d3a7d8d8168c0cb09ff8489c406b8c84b779f9
540,0xa8801f5b6f32537ff5290825ec4b60edb5bc4ee1
541,0xb175e4b5458f125a6e96f0a146f20da656be5e88
542,0xf09f5cfe1dbbff61ff5b3879a92668a8bfd6683d
543,0x955a6fbca57c307da876f230f2ac0e1b15e88379
544,0xa273834dd6c2b9959e83a1fc9afa64b56cc6d750
545,0x97f20e77bbe03faee3279e474bcc78981f6b8677
546,0x0f520e011280a6685b992d21da2138857391a387
547,0x60ac32d416507c844b43e29b2e12dd23f5277420
548,0x4a798625c037c7fa470571355e73943aef062fae
549,0x442491497f9ae22ce5a966cd9b85e1cc048847ac
550,0x2a0c0dbecc7e4d658f48e01e3fa353f44050c208
551,0x0cbdc0a4999a38ee9895d957133b3606a19700ec
552,0x81bc4a018472cf6273c18941f6b34e247f313cda
553,0x782699c2eee62027e118c804537315d5d105c3aa
554,0xd9fb030a5bc34c07708609b1fbcf6c9d001eeb66
555,0xb0fd2be29ed52fc0420070638da4075d88d94f48
556,0x43c891df56dc60a0136cf0c64a0a205ff3b6bfad
557,0x014d63f0118576f6ef5a47b53b0f3f9efc5a5dd1
558,0xb040c766a8073fc341238bd21ca88d42b777b6ea
559,0x36fdbe7005414fa1611330dc7e18725ed4a75600
560,0xf364098e03d5c4a646154fc497793cafa5107de9
561,0xc7cd9d874f93f2409f39a95987b3e3c738313925
562,0xcfde76cea6c58ab70503db49c729717c9d0acbfb
563,0x79ae275870d33b9c1786efae29241391a89f2f21
564,0xfb52f9b1ea8e27e19a50cb85dbfa16e28961363d
565,0xca2dd8f07407ee31201e03876f65f1f0e69ef103
566,0xddd3ee8adc6fba23b5323e667a5a817d33bed8b7
567,0x87eb003f08152b681294481dd874889877ccbaaf
568,0x6e02a9cbca1c9678a58541256ad532ee888ae3aa
569,0x90006e8948045c49b6e6aa50897d8f4f9ad3b091
570,0xc71a3d3a5a1ecc158384b59ad5e971d2c0a9dbcd
571,0x3846aed50a2ed5959a4ea897c32c97fc70881561
572,0xcc2c15a7fec4958c71a5555807dff588d8517dd8
573,0x9cc64aabaa3d3859742c7cb22b0ce4b9e4e77875
574,0xc12386613bcbf62be78ee80077a721e8cba3bc12
575,0x02ee13ffd5cf5e6731d4ceab28394074bb185f61
576,0x688dd446b595d5702e9dcb545c89261b1c0c7cc7
577,0xf1556137e7f45817e774096c5922f32c68ab15ae
578,0x3744da57184575064838bbc87a0fc791f5e39ea2
579,0x33380c6fff5acd2651309629db9a71bf3f20c5ba
580,0x3ddedbe48923fbf9e536bf9ffb0747c9cdd39eef
581,0x30511832918d8034a7bee72ef2bfee440ecbbcf6
582,0x25e50cab2185963446dfbe85cbbbdce47083bcfb
583,0x6d1338ae291fa7cbbf74f1b18815005b5d060e0c
584,0x3ab6a1687c1205cd9da74f079c84deb3369a6124
585,0xd28c567f1b52119b32a3af6066c36149c2f86d12
586,0x7879a9a2e67becd33ea97c8597ca249bbee54fac
587,0x50cde33eb1dbd3624529f2968e4443dd8fbc1811
588,0xf5b4386394cb52999d43517bf89acb4fe902fa09
589,0x075b440d4d92aaf2b66f1365b81a508ecd25a40d
590,0xda50ba5e12c01bbef277bb7261c61c5f56a77c26
591,0x065ca01cbe3a4c16d291cad834f644344c24cf4e
592,0xde9363fa15552ddb89d5d34376c36c0fcf914d35
593,0x0b7bb342f01bc9888e6a9af4a887cbf4c2dd2caf
594,0x971c785796fedb5aa2bae0395d055efdb8a38058
595,0x4b95059fe81b1268648c52976c034b9be117d4d7
596,0xf965a1210b41d72c5faca937d8f3834a8816db4f
597,0x889edc2edab5f40e902b864ad4d7ade8e412f9b1
598,0x93a654a2813f3ad052929752124b51d68bb9fa8f
599,0xdeb294797d166d580675dc5aaef1a25378ccb626
600,0xd404316d5bb0641853edaae62a92ccb6f2d820bc
601,0xeb3b9f824c8551a58a427aeaaa1044866bb5e28e
602,0x8936424b558a95fbdec5938b1dd95a11e40a4532
603,0x24a52ece417147f1a7ad7f11ad572900ab8047b6
604,0x47895e5009fd609f0027ea896bb5c38869082223
605,0x36eed1a4dd70f0731dd20ef76c32345185a8a042
606,0xf9ad8f6cde350a9731ef7c77fc588ce88def56db
607,0x9c7e1966808a95a3bda73619f76c35fabc46fe6d
608,0x500140ce79ef3b75fc2dbd9690aa32e9da4296d6
609,0x1271892c3724cff1416dc14c2b4e27a368cffeb4
610,0xa318690a8fe1a02e6fa568ce84125c9d82823b05
611,0x8d12a197cb00d4747a1fe03395095ce2a5cc6819
612,0x3e3586b5be868daa72dbec2ebd0d3340466253bb
613,0xef414ba7709e6cf9bbc93ba4fcb9a53f372bf54c
614,0xc7a7fd11c1575d5a965e4ebe670481d8b58f27c0
615,0x4d22e4f9f2bc8a0697279ce83dd1d23f1136b707
616,0x600109d669ecc3110a83f72086ca188fde39795f
617,0xbd02c51150a4ab6ce97b9de2025644594f3e75b8
618,0x27fd43babfbe83a81d14665b1a6fb8030a60c9b4
619,0x278ad2617a315a184dec06b7d57d9fa84034cadb
620,0xc76c7253592e27f090019f9949585366f799d6f7
621,0xf820502be44549169a4bc136afafd714d1d25708
622,0xcc87ff23c187a9b320d52d284c7a105f781e4b57
623,0x220c575a00a9f62b6aae2ea2a484971c5fa3cdb0
624,0x124a443d6a09c1cf5a5238af6a49e2d03a7d5dad
625,0xfe7c9c176d4d3ee940af666091a08322329d72fa
626,0xb9786dc15b3e2e4994328834c801266479900328
627,0x7047e704228cef3cff0295ca09da1b5bab3d7402
628,0x80505508d1fc8e8c1a12a964c4cd206058d04e5c
629,0x695483e6f68a939fedda945499c9e3ee557c1c3a
630,0x46340b20830761efd32832a74d7169b29feb9758
631,0x7c367fb44b37f4b83ff41f6a0e5e459d59aae415
632,0x6a9a05415f78eef19de272e0677f42c954ddecb4
633,0xb8cbbf78c7ad1cdf4ca0e111b35491f3bfe027ac
634,0xf38356f7c5e47926c0417bf2763b5c44a00336b7
635,0xfc6772aa0821b06559ccd746deed5d0f95afc13d
636,0xeb3d5ddcdf38b898879c8a76a2e8cc3fd12a52dd
637,0x326d9f47ba49bbaac279172634827483af70a601
638,0xf476a4c7ae500414c3909cedf56ed63104902176
639,0xaa499f3416f92424ce0dbfc4123b62a5481627bc
640,0xa19964d5f49488eb6cb4a5381826f3da58c281b1
641,0xd11fd269ac6b602e42abb6f0f186cd5b27180ffd
642,0x11133bcf0ecbe48e74a4d787bb047aa5bc2c5cab
643,0x99072e1422377d808d5599a78aa7e772b988c0fb
644,0x44b53564b95530a0bc708900089e685eef12fa6e
645,0xc0c847b14965df7e7eaa003ea987c6187211d85f
646,0x52da49c343df2d1880ec79df9c89a962afc8691d
647,0xa60c073eaa1bdc3f56af8a9292b9a1e6d3c7e5b7
648,0xb1e52e319b83dd3bedbae9878b63f67b535de2be
649,0x35c9bbd1e0ddeadca4118a2378e9b0d1959b79f1
650,0x85d2ca2f020673712e4d3f641f33f6c09cd9d983
651,0x41f546d659dee7a37186ffc86bc918e8dd1d3c51
652,0x5d8a8f2d93948b11009bd81828a1452079983a4c
653,0x7f74aafd223f2462e52de66f36e98498fd141c6e
654,0x58bae5c59f73f764148b127873a211eae1111a1b
655,0xb985e3660a2808377e72d514e43fbdda1e689083
656,0xff8a34f749b97e19f9821615731be346e65aedd3
657,0xadec0cdc6adabe44f461b48358d4a8d3a7d62a95
658,0x4fa0d17790939c67f8e8e31146cdc0d9f031f955
659,0xaec27ce2133e82d052520afb5c576d9f7eb93ed2
660,0x32fac51beffb058486ecff26ea6be364efb68aac
661,0x3ac33007a231851aadce52291fd4858e11a10ca3
662,0xb5761aa4d4f88eeab67a90955a15017181975565
663,0x7d0523795e35c67b14b5edce151266a5c0ff2d65
664,0x3d458cb4144dab393ad1d9f90a94bc00cd49dea3
665,0x5ee84d30c7ee57f63f71c92247ff31f95e26916b
666,0xeece9cd7abd1cc84d9dfc7493e7e68079e47ea73
667,0x3bdc69c4e5e13e52a65f5583c23efb9636b469d6
668,0x99f85310da212afb643c934f37ed512e66bf6de5
669,0xc2b6aabfec71ff4a578b873eb2718a31bc4c4212
670,0xe355f1d3bac35fca6789570dfea7648ac6a403d5
671,0xb8da92df100b290359a2ddf3627d5d1ecdc978b1
672,0x8e279e54b04327adf57117c19bc3950d7109407c
673,0xc1ebd02f738644983b6c4b2d440b8e77dde276bd
674,0xf9706224f8b7275ee159866c35f26e1f43682e20
675,0xce0545778ba51d4ffb8fb0c323a668c6ea42bee6
676,0xfc4e81199aa57a67a095a3bfb53520461b63b087
677,0xabcdebb0d9c509460eb58ad134b4f57191f640b2
678,0x86a68905cd1504057b00eebe41e94c1b04ee589e
679,0xb8e6d31e7b212b2b7250ee9c26c56cebbfbe6b23
680,0x40ea5044b204b23076b1a5803bf1d30c0f88871a
681,0x21a6db6527467bc6dad54bc16e9fe2953b6794ed
682,0x113612bc3ba0ee4898b49dd20233905f2f458f62
683,0x494256e99b0f9cd6e5ebca3899863252900165c8
684,0x3cc936b795a188f0e246cbb2d74c5bd190aecf18
685,0x535db556ff5bdd631eb3c148e5e5ab854cfac3e8
686,0x5126ec2d8834b63a962fc471e2a6b12641454fe8
687,0x07e06ba1150946cdf00b9f20e2e52568150e62a2
688,0x6778c14331251bbbee71414eda389dcef4bd81b8
689,0x0cb1d4a24292bb89862f599ac5b10f42b6de07e4
690,0x56eddb7aa87536c09ccc2793473599fd21a8b17f
691,0x0adf1f3dfa6e9c2136f0d3b46da357c72ddb5747
692,0x7b7799200c6156a395d8d278b3d3dade6ff5b4fd
693,0xaf5c5f69fe15d3e338e1b12d33a23d538386b51c
694,0x88d25610f79450993e57e56f5ea69ed030adfd9f
695,0x9fea15dec6178cb4e197786143eb1f8760cded0a
696,0x3f8cff57fb4592a0ba46c66d2239486b8690842e
697,0xbd4ff455f38ca5cf35719652ad2c5f4e8814e389
698,0x61bd22068505658f82904e334b3ec303245126b6
699,0x31435aed74efe468918932019550245a971a76a7
700,0x9e438fdbe81bf46df96ba842dbbeb8111a2d4c1b
701,0x5dbbc591e4fa5d9c40d23a1f6eb507b7f1e47e4c
702,0x327f4a8fa6d3aa4d85b487cae8490d169b7db476
703,0xe6e90d59cb21f34a4268c9e18897c5bafb692c38
704,0xdfd5293d8e347dfe59e90efd55b2956a1343963d
705,0x6c65fdb3b8a07c0ee373ed4968291d5194b1b29d
706,0xa951a1bcbbd1bee2cc35cfd96dcf9d101e630c40
707,0x37f21816c8f1770b6a208530375cb864fb70fdc8
708,0xea28d8a2711f39d9f10b50878177360791500cb6
709,0x7fdd9c6be666561e088607bda6047feb283fb4a5
710,0x4c0907f7ad337635a7fd414a0c7a938e0d64bf4d
711,0x0844e137f4e87ad3f3738d5b39514024146097e0
712,0x4bea288eea42c4955eb9faad2a9faf4783cbddac
713,0x0000000000000000000000000000000000000000
714,0x15855bb8e1ea1d8c143a8b2a26d6e85c7e449c12
715,0x71729f9c29b48d49a49817f75e92cfbb2e7b5122
716,0x483d9890e79fe29acc374f2b7e5b2a01845bbd80
717,0xb9711550ec6dc977f26b73809a2d6791c0f0e9c8
718,0x98078db053902644191f93988341e31289e1c8fe
719,0xabf338dac393636f0e1b714a96f1e0fab7cae911
720,0x4231347c9a926119d7cf8c745c613e2167891355
721,0x8ee6f6645d8b98e0a5fdd425b5ee7f57af81cd64
722,0xe8a4249cfb04f79007c9c26ba2e004383b61061e
723,0x6897a3aefb9383605809111fbffd702c91910f12
724,0x5b97a1cd49754878630524298296abcad2b4cc2d
725,0x11a05633e78aabf81cbc84d58e0f8d07fd25c992
726,0x04e5a3d5098f775077f051f17815b4e4a3e8fc99
727,0x0248392680a25223e84c6fc7c005b290477b5b65
728,0x23996a5ea28109d3071b3d3d37a5e36ae999a479
729,0x29cd45e5f1eeee413f208c67304d6872ec614636
730,0x6a164122d5cf7c840d26e829b46dcc4ed6c0ae48
731,0xe93f42c02ca3a26969ec5bc6d02e6cc646ed11f3
732,0x31aa4198aba25afa719d9ef634c9d24d3e81d99f
733,0xd46914c273443505563d346f98d41f6a40dff36c
734,0xf962e467c553c2ef45d5462c52429837f4fd8c8a
735,0x4c9fe9f5f4eb11f17d93424dbac66439776f3fab
736,0xdff48a525411d37355d7292c2f5706055507e601
737,0x4976a4a02f38326660d17bf34b431dc6e2eb2327
738,0x38f88754ef3d60a528bdb187795f6cb91ada7716
739,0xdee3fdb72031b3d32797c6a8cb14622723195c41
740,0x48ec5560bfd59b95859965cce48cc244cfdf6b0c
741,0x764c64b2a09b09acb100b80d8c505aa6a0302ef2
742,0x4989d7983057fe34e5ff0e33dfda49629c9d17f6
743,0x48b5e144bf84f61e05e66f7b05fa795c3a8f2439
744,0x23ea10cc1e6ebdb499d24e45369a35f43627062f
745,0x183f28a5bdbd8e5c5ffa54e6b20d25f153b6379d
746,0xa3c52796f5b3eeb84a1a4540c4b0a9310f8020d4
747,0x41144f86957101935c62e786b7fea3a1d71bf111
748,0x7d34487e36f3c6021b8ca8ed5fc908f85be86038
749,0xfda9c8ac2375bee15b27c58e48b74023f8686610
750,0x16297903d273f746f894bfc42b4125b45d102e8a
751,0x000000000000000000000000000000000000dead
752,0x0842b50fcbe9f8515351ef9c0e47c9a3a30fd3ef
753,0xc1082d75e4a4f1e8dd425b1d541904e758a3a3e4
754,0xeb001fb307e9b85a9f2d36163035d154edf57db5
755,0x0c295c085cae9c6278df49477d29f71d78c5490d
756,0xf9b993a7136733ad019d5b2497e90a0887fb1049
757,0x341a069071cde88b3491f7c4934f34cd51100406
758,0xc685bad74e7b3cad4eba1be9403f7e115295bd42
759,0x4c912a73af93a6d99a456966ea27952426e2109b
760,0xf584f8728b874a6a5c7a8d4d387c9aae9172d621
761,0xe5928c550b8d5b196db62687bef741ed627907fc
762,0x8256bd878b72d6abd31038c56d7c5df42f86c850
763,0xf8ac3fc3f575f22ccc688551db3513d4d8566748
764,0x126d212a7761a161ac26fdd0cada95b2249a64c0
765,0xbf044a0d4cfa289628a4450f4e36e4a5fbea9d0c
766,0xb6a5351e8ed77181d585e97fccd56fcbaad9f5b6
767,0x569ff84894dd10f944572a5375f09f326127af1f
768,0x08c491e232a8e304e9d59883dbdbe8192b3cf027
769,0xb977d3fa2c2f878e4e230b27cbdc35c7a5c0ca5d
770,0xc606c9c0f138a69b7b80491902f3d456e431ca04
771,0x9a345ca67ee70248acfb4a64843e7a1e9befee96
772,0x451eb95b927b9281bccc79df9a459e8e94a4f985
773,0x245a01d2f879bc75909f0e86032f9236cf3b1dba
774,0xc2906c3c14d89bdd7bfc22a3f6c1f375664aaaab
775,0x550f589100e379c8530c0564566d6e270ff13457
776,0x087d2c24c0225b286e5aac0e94aefba0af3b44dc
777,0xdeb9cc22cd17136cce26f9341b81d2a5c83beca5
778,0xba141724e6c5f43cfbf050e0694fe3065f976aab
779,0xea039cf1857bd0e14919c4ef1a8b332a83110bff
780,0x8f1ef2c70a61cae8dd54d25be7b44c2e581c6b33
781,0xdeeecdb8bd3b451d854459eab41116faa81b2fcc
782,0x79ae5dcd42a1fe24e63ef15296a73dd6c5e5dd16
783,0x56ee86ef8298cd7d69b2184af6b36322b467592d
784,0x0cd76cd43992c665fdc2d8ac91b935ca3165e782
785,0xcfbe3d32e3d8b94001b90a39be9e49cbdffa83f8
786,0xdf7516a977b7485a68a17cb98961fdc3d97c71b9
787,0x3775234f636d6b2f56549fe60adeeb58eccf504c
788,0xba7886228addf36f8e9d477d0ba61366d6e4dda6
789,0x1a46ca4be161e5d4cad714602a22c9b7fbba7fb2
790,0x21346283a31a5ad10fa64377e77a8900ac12d469
791,0x7f34f6f298318c635256be78edcfae096137b4cb
792,0xe2f455993c24f6c0d49d30c1e56de95d314a0a6a
793,0xa408e7e8fc70ded5c9453f401901f744df6d7b11
794,0xcb979b2246c7bcdaca2c241bf3cea2c547cf671c
795,0xcddf488f1c826160ee832d4f1492f00cf8557ff6
796,0x85a8e39fed50efde8310fab6cddc0b68d767f018
797,0x214984f6f8b4197a9a32159ed17b72650331538a
798,0x3d8fc1cffaa110f7a7f9f8bc237b73d54c4abf61
799,0x03b51bf1e67f976107ce9446f5694ca1685e6c5a
800,0x31fc4616ab86a2eb61eb8189abbdbffae23a5fcf
801,0xf7f741e29828da8500a5daae6a348008fe3a5816
802,0x4069d5d58ac8a6c8610094bef5f165acd92e70db
803,0x0e6dfd553b2e873d2aec15bd5fbb3f8472d8d394
804,0xb5eb74cc4dc944f0da9566fa44b7412ec312f3fe
805,0x41ba4da465f2c9de9adf70fb7a91e510778e9af7
806,0x8707d70c64007a1f095bcda3fbd3f6fbd97089e8
807,0x933c0cf95e7be11d06c3bafad128c1993b1df476
808,0x3bd664377f17c95818ca8a51b2ca9c94054946c7
809,0x910cbd523d972eb0a6f4cae4618ad62622b39dbf
810,0xbdc6384ef4ead1ea9bf2a82390f2ede46baf1aef
811,0x9e631e208b2b711f42fb43004897e28891ec7c49
812,0x9fb78e222c3a2e05836aecd1cbc2cdb1847cbaf5
813,0xc451f2f0a9348a6bc1c483ad0ca46d7bc872d628
814,0xac4fb4951a82a7220f803768aa0bf7f7ae588289
815,0x1ad9443a38be75b2ffd191167fa6c3b13629fe13
816,0x52676741724fb7e9700135164affbec7a20c1aa0
817,0x0b3fb306e59bf5a2740b452c27717f79756b48e5
818,0x5ddaea1d0c93e6489d2c1ff4e28b7e44e2a0f81d
819,0x182e1259ef6ee45dc811132ef4ba5871f1536822
820,0x3ad2fcd6a2ce246e890826c9bcca20f06ce11083
821,0xd39988dd92ffd85b9ee2b6d05148140b0b9cdee6
822,0x37668560ee719c397af89c5849d00c3c262246a7
823,0xff762fa809eb3acc6dd3e25bccb8aaa80f8947e0
824,0xcf8bbeccf495ad0127c32eb0b284b85d891eee7a
825,0x581ac42783f3e6b273da01da3c7576acf8fc0d47
826,0xa6dc7bc50eed59fc7eb15089dfc7d163809d1bad
827,0xca02c1155311ffe056b6337c3fc06dac339c3a86
828,0xaf3aa7b4cecb92995cd240a849c9dae70e09186d
829,0x26a18533dfa961bc2fd550184fe7e256925cc3d4
830,0xfd0bcb76f5fce547c7e783c85205442891f4b743
831,0xb00394c071f1835fd3561a51c97869acdb229066
832,0x8bcbccfc6736c61fdbe6791453564ef432241b53
833,0xffd39d27e7cdc53c1a9c74013e6e1c2df1f27bf1
834,0x7010aec5af99fecaa716020ce52752ef07feedb9
835,0x168ae36b4386cea14475faa41498a0ea63c67dd7
836,0x4368931747571cb8c28b4dd1183ef5db5a51a2c8
837,0x6c3200e8b067ec14e737da32fae6d902116ab50d
838,0x06f87b41d828fa6aae07c1ac85f46e827f456977
839,0x3b613f088ed67b239df4ea5468f00ce66b2b65bb
840,0x9cdbd99e66966ec0015f016a19d31c5159e1ec81
841,0x69b88cc44ca70008237017a5c8d7161bef0ec043
