blockNumber,blockHash,timeStamp,hash,nonce,transactionIndex,from,to,value,gas,gasPrice,input,methodId,functionName,contractAddress,cumulativeGasUsed,txreceipt_status,gasUsed,confirmations,isError
11432308,0x66c5db299873019160b5feb0673334461c7da9fb9bbd4309c3cbde1514511531,1607698909,0x6d298856fa6569909f1529ec126ee22d29b85fba98aa3b8863c1a6c7f2e0bb2f,768,188,0x742d35cc6634c0532925a3b844bc454e4438f44e,0xc61b9bb3a7a0767e3179713f3a5c7a9aedce193c,10000000000000000000000,21000,70000000000,0x,0x,,,12451094,0,21000,9718119,1
11432312,0x48bfb929e5342f3d55aaad1d36d567e86fd9f98f64e08a1adf5f8bd717329a90,1607698949,0x1593fcce4cb9bbf252d765a0069ccd37bdaa39d6860d77345e4b6d8674901936,769,20,0x742d35cc6634c0532925a3b844bc454e4438f44e,0xc61b9bb3a7a0767e3179713f3a5c7a9aedce193c,50000000000000000000000,22718,150000000000,0x,0x,,,1237116,1,22718,9718115,0
11633759,0x6e5b7806d879af10d3397ad752e886f9768e4a9e76c2cf77567c37fc8544e372,1610369958,0x6ceeb787ead866fbe7db14c6e6520371e93a4bd82996ed01103c57392828d09a,836,145,0x742d35cc6634c0532925a3b844bc454e4438f44e,0xc61b9bb3a7a0767e3179713f3a5c7a9aedce193c,200000000000000000000000,22718,178000000000,0x,0x,,,6073714,1,22718,9516668,0
11647211,0xe8cc3a6419a7457d9d86b1b53698105a9c01f6dda7998c72cc743f477c77ca9f,1610548680,0xbfacab8db673877c8aa10274f0f7c06af6914160ecde7747026840454915778c,844,27,0x742d35cc6634c0532925a3b844bc454e4438f44e,0xc61b9bb3a7a0767e3179713f3a5c7a9aedce193c,600000000000000000000000,24000,100000000000,0x,0x,,,1683030,1,22718,9503216,0
11652869,0x1af44fd154567c2c5a0371af363e3588f49fb975435ebde02f23921401c1ccc7,1610622588,0xc868d5bfd0ecf0492fecdb9bc897da0d20d8a3b19bc7843b1e1151349a6a5407,849,12,0x742d35cc6634c0532925a3b844bc454e4438f44e,0xc61b9bb3a7a0767e3179713f3a5c7a9aedce193c,1500000000000000000000000,22718,128000000000,0x,0x,,,751801,1,22718,9497558,0
17127894,0xecdcd7ea80c1feb219551f2fbeb789fc42db9ff61271a451e0e3878f9e8bb86d,1682481731,0xab1544b6e97ccaf6b5197a5c4cb6208a3ff7cdf771695f5aa4b3be3a73902c51,0,38,0x210b3cb99fa1de0a64085fa80e18c22fe4722a1b,0x267be1c1d684f78cb4f6a176c4911b741e4ffdc0,80000000000000000000000,21000,38886074861,0x,0x,,,25326716,1,21000,4022541,0
17137047,0x1aa438712572ca6951d2c443f2f0b3e7ccca62bfc42ac4d5be304eddceb5cdab,1682592803,0xdb45c5de9aa1f82eeeac7969164842c3de2ae8eddea97c33419fc60e49e62f2a,1,2,0x210b3cb99fa1de0a64085fa80e18c22fe4722a1b,0x267be1c1d684f78cb4f6a176c4911b741e4ffdc0,100000000000000000000000,21000,200000000000,0x,0x,,,103618,1,21000,4013388,0
17185510,0x3b343ca63fdd559fdd7a39e54a963aca769a528348b956292e97a902058c14f8,1683181487,0x9d2429ee55ad6612a7131158385a98b2bac660f9047b32b37aaa7e9eaf94305a,2,0,0x210b3cb99fa1de0a64085fa80e18c22fe4722a1b,0x267be1c1d684f78cb4f6a176c4911b741e4ffdc0,80000000000000000000000,21000,200000000000,0x,0x,,,21000,1,21000,3964925,0
17292947,0x164dfb93434e66092161cb4d0cb3b9ea98942a058dc2a0ac80b2a5197459f492,1684492139,0xdffecb48b385c2e827827e4188f3eb6c71e6bab3dfd8123c1ca5f4b1fe0a1aac,3,8,0x210b3cb99fa1de0a64085fa80e18c22fe4722a1b,0x267be1c1d684f78cb4f6a176c4911b741e4ffdc0,80000000000000000000000,21000,200000000000,0x,0x,,,1106599,1,21000,3857488,0
17364259,0xdb9a9fb14c7b961a403d156d1b8f0f7192c5bd58f504d48cade6c9968fd822be,1685358647,0x5140a20f7af32f9dffba83f8cf88ec47975685eb93135674a37dd758786ca46e,4,44,0x210b3cb99fa1de0a64085fa80e18c22fe4722a1b,0x267be1c1d684f78cb4f6a176c4911b741e4ffdc0,80000000000000000000000,21000,200000000000,0x,0x,,,5651461,1,21000,3786176,0
17459855,0xf27c778864e1067d1a87a0f6dcd915f46179ae82635c32f63b121e6b4acaa89d,1686522815,0x6a78a9b640a22f0ed09522a1b5fd8eef1c89c00e646e0a018ddd4cea0ab5477a,5,33,0x210b3cb99fa1de0a64085fa80e18c22fe4722a1b,0x267be1c1d684f78cb4f6a176c4911b741e4ffdc0,80000000000000000000000,21000,200000000000,0x,0x,,,3717026,1,21000,3690580,0
17562574,0x6d23454ca5767338509cc207188a5a76fb790e9426d6f62ac99e741036aa575d,1687770059,0x854426e08b50a2689d43e0cd83181b739f37a4d95bf84e46a2d78c632c270118,6,0,0x210b3cb99fa1de0a64085fa80e18c22fe4722a1b,0x267be1c1d684f78cb4f6a176c4911b741e4ffdc0,80000000000000000000000,21000,200000000000,0x,0x,,,21000,1,21000,3587861,0
18083963,0x0daaac0f7e4403f82d9481b09b26328496e7ea0a4d332ccd77a41672eb469f0f,1694082647,0x583f6a161095816d4415777efbb05796dd7fdced0537fc58ea7bd6721a2ab8c1,7,0,0x210b3cb99fa1de0a64085fa80e18c22fe4722a1b,0x267be1c1d684f78cb4f6a176c4911b741e4ffdc0,50000000000000000000000,21000,200000000000,0x,0x,,,21000,1,21000,3066472,0
18329849,0xce94862843c68ca585d8dabe8f08fdb0ebb71343962c9931d7b4aa5299d6154d,1697059439,0x07a398259c46d4babf146b1ec5c6eea36fb606ccbc223333abaec4ff39f7ce82,8,24,0x210b3cb99fa1de0a64085fa80e18c22fe4722a1b,0x267be1c1d684f78cb4f6a176c4911b741e4ffdc0,50000000000000000000000,21000,200000000000,0x,0x,,,3712735,1,21000,2820586,0
18464948,0x26d592d2871075187d35c4330d24ccf33f3b316a0078c8a378f11971b205fb89,1698692771,0xfa21fc6846fa21445943ae154c9515f05ebcfec9cd5763a007fd174e42efc838,9,4,0x210b3cb99fa1de0a64085fa80e18c22fe4722a1b,0x267be1c1d684f78cb4f6a176c4911b741e4ffdc0,50000000000000000000000,21000,200000000000,0x,0x,,,3145022,1,21000,2685487,0
18464955,0x6c6ad1422b5b858342751f881447402d9cbbfe39f02734dbd2f4e5d172ebd5cb,1698692855,0x4ab85a91c93df619055952b1d0bf0372f4794367c419e2ecd6de739582c5e793,10,0,0x210b3cb99fa1de0a64085fa80e18c22fe4722a1b,0x267be1c1d684f78cb4f6a176c4911b741e4ffdc0,50000000000000000000000,21000,200000000000,0x,0x,,,21000,1,21000,2685480,0
18464962,0xf9edfb533d424338536d289b020bf59dc31daf76644d774e5eefeb238093e9c4,1698692939,0xad146118bc46b3b053d77d603dd05baa818589770eb38ef48479c6278a58b0b4,11,6,0x210b3cb99fa1de0a64085fa80e18c22fe4722a1b,0x267be1c1d684f78cb4f6a176c4911b741e4ffdc0,50000000000000000000000,21000,200000000000,0x,0x,,,1134869,1,21000,2685473,0
18526699,0x8a2fac6c38e9c17d9aff9868ad4e58c59bc3728009ae057538eb4534af8d6835,1699439987,0x5cd3fab7f8e0972bdfa991ce97036278d46b6523c493070721924d28ce2409fa,12,0,0x210b3cb99fa1de0a64085fa80e18c22fe4722a1b,0x267be1c1d684f78cb4f6a176c4911b741e4ffdc0,50000000000000000000000,21000,200000000000,0x,0x,,,21000,1,21000,2623736,0
18540462,0x6d9f74fb4bef367cde6d06a28113d801cda19c574d70e6d64dfb44a7efabfc0b,1699606223,0xa083f4305348df9936a8d148dcb841f8328b5ec365c461dbfe384682a41856c2,13,30,0x210b3cb99fa1de0a64085fa80e18c22fe4722a1b,0x267be1c1d684f78cb4f6a176c4911b741e4ffdc0,50000000000000000000000,21000,200000000000,0x,0x,,,5573082,1,21000,2609973,0
18620271,0x798f761ef5aa6c8e5d57fe6bb26841d2f988e563ee7e4f7515441932426ad649,1700571359,0x9e36fed5e15a1e618de57de89204aff0b052883ba1b677f7199c2f7a47604aba,14,0,0x210b3cb99fa1de0a64085fa80e18c22fe4722a1b,0x267be1c1d684f78cb4f6a176c4911b741e4ffdc0,50000000000000000000000,21000,200000000000,0x,0x,,,21000,1,21000,2530164,0
18691097,0xb33f8d52f9eac71c85471f876ef925d1a026736f9e9b13d4d95ff27d54b2bf77,1701428063,0xa4c37f84d97cbc9d5e1be1d0a64c6a0535f6a8ebec9c7ee7d7d6b2877d245d6c,15,1,0x210b3cb99fa1de0a64085fa80e18c22fe4722a1b,0x267be1c1d684f78cb4f6a176c4911b741e4ffdc0,50000000000000000000000,21000,200000000000,0x,0x,,,184135,1,21000,2459338,0
18842551,0x2ce4bf2177283d5fe6b4499bee7fea8968d404104b81738b2ad6164a182a0fad,1703262215,0xb35833b54b7c4390160dfb0a8c4d99b538b22a3316861e52e26e495d7668e614,16,7,0x210b3cb99fa1de0a64085fa80e18c22fe4722a1b,0x267be1c1d684f78cb4f6a176c4911b741e4ffdc0,50000000000000000000000,21000,200000000000,0x,0x,,,568869,1,21000,2307884,0
19085794,0xb08871ebc4947ce135904698e2a12d6f9a5ea2678939a701f6d688b643bfa7d8,1706211827,0x175f07c7a606a885d1ff7ef8126531a7f6638f083f6036c5274c07a22fb058b4,17,8,0x210b3cb99fa1de0a64085fa80e18c22fe4722a1b,0x267be1c1d684f78cb4f6a176c4911b741e4ffdc0,50000000000000000000000,21000,200000000000,0x,0x,,,1519271,1,21000,2064641,0
19190801,0xdd9655ecdfe5eb0195c86755d7208f02f050dc8eb7f625394265fbb727d1d467,1707484499,0x23c7af4867ec7db9addc56c149fadc0c307af09ccce10d3b69f732c320b592b2,18,7,0x210b3cb99fa1de0a64085fa80e18c22fe4722a1b,0x267be1c1d684f78cb4f6a176c4911b741e4ffdc0,50000000000000000000000,21000,200000000000,0x,0x,,,1459185,1,21000,1959634,0
19190809,0xa30a7b007df558f475e473ce3ecd2b9ec9efcdcf2663d6655cf0735757d439a5,1707484595,0x0f17bb701f90423c06499c4bf9ae20e9703ef051a0afba08ba4e271608973031,19,18,0x210b3cb99fa1de0a64085fa80e18c22fe4722a1b,0x267be1c1d684f78cb4f6a176c4911b741e4ffdc0,50000000000000000000000,21000,200000000000,0x,0x,,,8305444,1,21000,1959626,0
20151595,0xad0b7a6fa9b2bf424cedab89e48f4401d61e66f807dd026d573d38dae973c9c5,1719111851,0x797063cc45361a88c7509a275af315aaa71a39e4d6ffc820b2304758e20268fa,20,4,0x210b3cb99fa1de0a64085fa80e18c22fe4722a1b,0x267be1c1d684f78cb4f6a176c4911b741e4ffdc0,50000000000000000000000,21000,200000000000,0x,0x,,,773305,1,21000,998840,0
20269707,0xfe1d7530e016e33c0907af40995c9403ccbc27100c49390444c7877767fd7d21,1720537427,0x4afa66358018d97cc9dbbf2551b2d099b905acf563536c98d543daf6a4fc9921,21,38,0x210b3cb99fa1de0a64085fa80e18c22fe4722a1b,0x267be1c1d684f78cb4f6a176c4911b741e4ffdc0,50000000000000000000000,21000,200000000000,0x,0x,,,5924552,1,21000,880728,0
20290259,0x5fa5a175e5409e5122b281f577fd49582a06db96e4277ba116f87b7ba2285d6a,1720785359,0x9b4acfbd2cb7053edc2d69aa0499ea72b46b38b9c2d5e9d112aefb5a69f316c1,22,12,0x210b3cb99fa1de0a64085fa80e18c22fe4722a1b,0x267be1c1d684f78cb4f6a176c4911b741e4ffdc0,50000000000000000000000,21000,200000000000,0x,0x,,,1766698,1,21000,860176,0
20290262,0xe1d427c27591603c9a44dac600f371191af058ff26618722ea71731a7632e510,1720785395,0xea864b8a338d6d99352a0ebd0a8eba482a7ddc644df27af99741bf513444a10c,23,0,0x210b3cb99fa1de0a64085fa80e18c22fe4722a1b,0x267be1c1d684f78cb4f6a176c4911b741e4ffdc0,50000000000000000000000,21000,200000000000,0x,0x,,,21000,1,21000,860173,0
20734304,0xdbdc06c07dd855c7610115839d39d87421e32d9d789ec6f3f48f7e12dd10759d,1726141367,0xfa2514c471db32e078ea82a137a5b0ea5abd65f05bb50fa79b86c7b4e9979b28,24,0,0x210b3cb99fa1de0a64085fa80e18c22fe4722a1b,0x267be1c1d684f78cb4f6a176c4911b741e4ffdc0,50000000000000000000000,21000,200000000000,0x,0x,,,21000,1,21000,416131,0
20991480,0xe73a072518ca8adf85f3b91518f1db65c5453c616398cec725b7993337ba24db,1729242839,0x1b2bccc7bc8085e64229a19bf11418f9e8e9a4b4fa4031b3b166fca994e9634f,25,85,0x210b3cb99fa1de0a64085fa80e18c22fe4722a1b,0x267be1c1d684f78cb4f6a176c4911b741e4ffdc0,100000000000000000,21000,24938371833,0x,0x,,,5259907,1,21000,158955,0
20991512,0xe8c1030fb19033244e91c458fc2091c3a8ede0876419060fea2a056c3d930e27,1729243223,0x1f8fbd7f373f3dc72308ad1a43c347423947f0824f6e36323f7bc907c024d0dc,26,129,0x210b3cb99fa1de0a64085fa80e18c22fe4722a1b,0x267be1c1d684f78cb4f6a176c4911b741e4ffdc0,38498000000000000000000,21000,26765000133,0x,0x,,,12258906,1,21000,158923,0
21035588,0xdba998d2e20ccbd835ddf5463036741b7be1d96bfa0ede1f53075723a49bc0ea,1729774463,0xfd5c3f03d0891386c88bcb846cc6a153bfbe075b7b6a5ed67f8a8be7c4324418,27,117,0x210b3cb99fa1de0a64085fa80e18c22fe4722a1b,0x267be1c1d684f78cb4f6a176c4911b741e4ffdc0,27000000000000000000000,21000,11971271648,0x,0x,,,14145384,1,21000,114847,0
21070762,0x1210113bca82ca310e29fbe386e0743e365011d02067cc68cabbb090a4453969,1730198495,0x0c0060c1a84e842f2a667b7b02dfa342c6bc1abd4d93872ace3c98755daeaf8c,28,69,0x210b3cb99fa1de0a64085fa80e18c22fe4722a1b,0x267be1c1d684f78cb4f6a176c4911b741e4ffdc0,43000000000000000000000,21000,9036966702,0x,0x,,,9633575,1,21000,79673,0
21091010,0x52633039d17f5aec2ab539489817c059af6885d14fb9acbe75d26cc75d7a0f9b,1730442575,0x5e392b1249fbf7d0803b662767b4e5819d2b092fb8bc42675ce31d91ed593668,29,89,0x210b3cb99fa1de0a64085fa80e18c22fe4722a1b,0x267be1c1d684f78cb4f6a176c4911b741e4ffdc0,17000000000000000000000,21000,7033566656,0x,0x,,,10209665,1,21000,59425,0
20065351,0x5fb3e43c3f15ceaebcb05c5fe55b19b078fdc30e9e5446e03be2bdacf18e7c87,1718069855,0x84e4f271a407c90ebc7d35cedd35a08563c757e98480b4f1a1c0718b8b03bd27,0,36,0xba18ded5e0d604a86428282964ae0bb249ceb9d0,0xa9d1e08c7793af67e9d92fe308d5697fb81d3e43,149999999829615377540232,23300,5736259397,0x,0x,,,1452872,1,21055,1085084,0
19374518,0x4391a9434b73754e1cc3a546b017ae8e2638dafe36a3b1df5e0cd5a5423fae77,1709708663,0x01f0cb370144827d603a8391264dad18c3c7f9ae3d506f36dbf746f6d0ec6d6d,0,81,0xa7c0d36c4698981fab42a7d8c783674c6fe2592d,0x5a52e96bacdabb82fd05763e25335261b270efcb,1000000000000000,51000,62802843019,0x,0x,,,12246584,1,21000,1775920,0
18867943,0x70f0cf923b6d7e04892efe0d03562ad55568a42723bb872fa8945ec0203265c1,1703570459,0x97ab3b67f10a76742c543ab3800106a2a1d64c5515dfb533039f2f74ff02a014,1,25,0x835678a611b28684005a5e2233695fb6cbbb0007,0x5a52e96bacdabb82fd05763e25335261b270efcb,5000000000000000,51000,22333463650,0x,0x,,,3606683,1,21000,2282497,0
18969171,0x5ddf4c195abebdd1c4af77ab1dc6c37931a5fd6454b280a988a5acbd012e83e2,1704800459,0xd4a597941bb49ec21f7c35df5d545b410f28b96b15966bf35d795f7f88c75837,2,16,0x835678a611b28684005a5e2233695fb6cbbb0007,0x5a52e96bacdabb82fd05763e25335261b270efcb,6706000000000000000000,51000,18134141299,0x,0x,,,2294486,1,21000,2181269,0
19068772,0x9f843301d97ac04aa1d1e5be4a78dd2c033de4ee53cb2dbe2d6b3a98adfb7999,1706005679,0x3e8fbc3ea4633995e17d6ef78aa879e8a5cb82e1013598b7f156fe3f9198f72c,4,8,0x835678a611b28684005a5e2233695fb6cbbb0007,0x5a52e96bacdabb82fd05763e25335261b270efcb,766000000000000000000,51000,20615697234,0x,0x,,,815206,1,21000,2081668,0
19217903,0x4a853ca89d86fe58a62f30b181539b9a2b6e7158bd8ae439e9386fb0b2cbc268,1707812891,0x83b869c340032ba03dc2233b7b2fc20adce63f5812dade43b957f5bb009f35cf,11,26,0x835678a611b28684005a5e2233695fb6cbbb0007,0x5a52e96bacdabb82fd05763e25335261b270efcb,11685000000000000000000,51000,26187857101,0x,0x,,,3336051,1,21000,1932537,0
19368027,0xe66fef78cfe59e02f5cc74512a438261ad27119f816945b329b146a443a854d1,1709630399,0xe21c6c72625e03e235e92d581acdb885d36849704b5bfb6b0aa0f05213f77410,16,14,0x835678a611b28684005a5e2233695fb6cbbb0007,0x5a52e96bacdabb82fd05763e25335261b270efcb,17078000000000000000000,51000,69235262132,0x,0x,,,2259076,1,21000,1782413,0
19467594,0x4cd17ad073d23a51eef840937f652ae207c9c6f88266fb05572f9b5becb5f502,1710836747,0x639ce1a56422a948d6d9a5e8405a15d89ebe0b2711ac0aa77f97773b6a4bff3b,22,34,0x835678a611b28684005a5e2233695fb6cbbb0007,0x5a52e96bacdabb82fd05763e25335261b270efcb,7530000000000000000000,51000,35156011256,0x,0x,,,4742965,1,21000,1682846,0
19567468,0x7e0a55edd5c8e3e1b5b37b7fb21fe27ffa03ea32c77f8ef30345d4e31f44eacb,1712053031,0x13684f3c7b63f71cffcf6e56bb04e6ef060cbc8612ef0ad22899431ab6712994,35,35,0x835678a611b28684005a5e2233695fb6cbbb0007,0x5a52e96bacdabb82fd05763e25335261b270efcb,3155000000000000000000,51000,32391790004,0x,0x,,,2316064,1,21000,1582972,0
19617217,0x4d325d7f4b7ed69ae6bebc0d9215d51f3178eef2a8089862e711a641b6a0bea8,1712655155,0xfced83141d57b8cf56b7ef6cf4c7e6ee62e0dd7e951bcfa1f35ec2e909b4bc97,38,12,0x835678a611b28684005a5e2233695fb6cbbb0007,0x5a52e96bacdabb82fd05763e25335261b270efcb,3679000000000000000000,51000,27391840219,0x,0x,,,651591,1,21000,1533223,0
19767513,0x88198bc153077ec820c9ba4b502809ceb2cff1cc5db5d2cd4cad37a99333bd75,1714472687,0xff706f43fa54fb51bc88ab9f5fbedacceac7a913032ffaf3e9677d967d5214c5,45,23,0x835678a611b28684005a5e2233695fb6cbbb0007,0x5a52e96bacdabb82fd05763e25335261b270efcb,15232000000000000000000,51000,18153149109,0x,0x,,,2885674,1,21000,1382927,0
19866829,0xc1ce4e029b4e8f3028e2c8694698f6145f1932dd586dc381abcab1512cdbe9aa,1715672495,0x1ec7c095e74078a5903683f1d79b23dd0a2f210784f401e7322c218d5fdc1d66,49,77,0x835678a611b28684005a5e2233695fb6cbbb0007,0x5a52e96bacdabb82fd05763e25335261b270efcb,2646000000000000000000,51000,11895474805,0x,0x,,,16541378,1,21000,1283611,0
20067720,0x0da8f2e0a58a31efa69060a1b3a0906cf5ce39e887186e205a3c5fb8f669a7fe,1718098451,0x69fd91e95d3a567b92b862e471e9036b329b65af48034cb6810c52725719cffe,66,62,0x835678a611b28684005a5e2233695fb6cbbb0007,0x5a52e96bacdabb82fd05763e25335261b270efcb,3266000000000000000000,51000,12548601798,0x,0x,,,6020373,1,21000,1082720,0
20316911,0xcd46c9cf296b15ec07aefa78516b312c6d0d5ef739359effbab9ccf437f2e1aa,1721106875,0x2c7a274f96a5073cdfea3e4ef814c47073c438f5b426bcab88159801a9cfd63d,74,63,0x835678a611b28684005a5e2233695fb6cbbb0007,0x5a52e96bacdabb82fd05763e25335261b270efcb,4663000000000000000000,51000,8918308073,0x,0x,,,9676732,1,21000,833529,0
20517967,0xa4238bed85aaeeb1365c367804aedc8122cf2ef37a511bed4ab87b20c04d584d,1723531151,0x22f39565359a5ca2c4484c1ad3b21784919c7b3e16fbc83a646c8db0b3fbdf4b,84,61,0x835678a611b28684005a5e2233695fb6cbbb0007,0x5a52e96bacdabb82fd05763e25335261b270efcb,6839000000000000000000,51000,3265191176,0x,0x,,,8530985,1,21000,632473,0
20568049,0xf4c1350af71d3749514a8e56538bf996514501a1106aab1a93c0b0359d2f7824,1724135315,0x09488914a3645297dd752c432100835529b57bac56cf51b651dc6d9dd4110fca,87,43,0x835678a611b28684005a5e2233695fb6cbbb0007,0x5a52e96bacdabb82fd05763e25335261b270efcb,5338000000000000000000,51000,3038761668,0x,0x,,,5404707,1,21000,582391,0
20618393,0x560cd0794da1fcdea94115273ae48a245dc65a94f7e4b95afa4204ca159b42f9,1724743307,0x4db4333e2549cd8870e546d5a7856b997908d9f0d313d4b19892cbfd6b00f9bf,91,97,0x835678a611b28684005a5e2233695fb6cbbb0007,0x5a52e96bacdabb82fd05763e25335261b270efcb,811000000000000000000,51000,1804788671,0x,0x,,,10828694,1,21000,532047,0
20818786,0x6d169dbb0eb61382cf9811ef785667971773ba9c840dcbe214979d35666f57dd,1727160815,0x8531648cd76e71e763f6a412c7dd49eaa4a85397d60c5396ca3e5451de9df44f,101,44,0x835678a611b28684005a5e2233695fb6cbbb0007,0x5a52e96bacdabb82fd05763e25335261b270efcb,1475000000000000000000,51000,17104516717,0x,0x,,,5295305,1,21000,331654,0
20918744,0x868536583aa5777c9f74d6553e32d39c7b90c280336a3f6fc540de2c01f42750,1728365015,0x63494b373f7751d230265a4ad8035e328ddfb4a04c62f7a066eef84ad5b38fc3,106,140,0x835678a611b28684005a5e2233695fb6cbbb0007,0x5a52e96bacdabb82fd05763e25335261b270efcb,1358000000000000000000,51000,10007676510,0x,0x,,,14468750,1,21000,231696,0
21019316,0x216dd140dc1b2b3a525812b8a7f6cc31266366eef573e078c1a7a6aac07412d9,1729578335,0x08c6fba60a6ad3790710a35360453a8b647bb23e35ce702378cde44167d77daa,114,65,0x835678a611b28684005a5e2233695fb6cbbb0007,0x5a52e96bacdabb82fd05763e25335261b270efcb,8452000000000000000000,51000,7051947027,0x,0x,,,7374785,1,21000,131124,0
19577118,0x39bd2efcb4a7290cae5a68fe72ebd1446ddef737bd2bc84ffd758bed83840682,1712169923,0x171d39c7bff56ce3f790c9d8cea0f26e8707137309627d239a8df23471c81523,11,136,0x40638e9fe6005d9c1f8b7a7b4dec086707fdc84d,0x267be1c1d684f78cb4f6a176c4911b741e4ffdc0,46305410000000000000,21000,40654472797,0x,0x,,,10449424,1,21000,1573358,0
19584061,0xb111849b1d8e63774d7ef10f8bd13ca78c90117f42be624b2bf0eba1bf2776c7,1712253839,0xce3737029f9a59b16a82b3723af58c468fc498701aa594f7e3a4c5d91e8645f4,15,146,0x40638e9fe6005d9c1f8b7a7b4dec086707fdc84d,0x267be1c1d684f78cb4f6a176c4911b741e4ffdc0,105790950000000000000,21000,49067795206,0x,0x,,,13425941,1,21000,1566415,0
19591187,0xfa79ce95413e3cb7aefd741cd3c833cd536719d274056e6900fa2c8bdcfbe24b,1712340095,0x28d96495a0c2468be512a93483adfaa0195278cd515c462b12ba8019489d8556,18,270,0x40638e9fe6005d9c1f8b7a7b4dec086707fdc84d,0x267be1c1d684f78cb4f6a176c4911b741e4ffdc0,380812340000000000000,21000,24706470251,0x,0x,,,19037224,1,21000,1559289,0
19627092,0x551b3d89e0db4f3711384c3de28e8962312f9cb9616200bc43f543f8f9cc48a1,1712774603,0x51fe0696876f3d3cc854ae93f29dfe5f2cf7295e02a243c315af3885f3b99105,27,142,0x40638e9fe6005d9c1f8b7a7b4dec086707fdc84d,0x267be1c1d684f78cb4f6a176c4911b741e4ffdc0,37837830000000000000,21000,31523199289,0x,0x,,,13327684,1,21000,1523384,0
19633607,0xa2ad1ca5fe1000cbec10e1a51e6c6020a904819e05c9833e3b9965c66c159d48,1712853371,0x86c599e1bf7f3402a19d95b1b24bd91c9abd8de06aef8305ebd968ac7175739e,29,242,0x40638e9fe6005d9c1f8b7a7b4dec086707fdc84d,0x267be1c1d684f78cb4f6a176c4911b741e4ffdc0,1816444860000000000000,21000,29788248047,0x,0x,,,20256128,1,21000,1516869,0
19640765,0x38859eea660a83ff2887abf72f658bcfb13b68dcd043fc5c7750e6e4d93e335c,1712939843,0x444722aab4ce09e0d4ced2dd28faedcf5c9ede428ff825727dbfd30b6997c179,32,134,0x40638e9fe6005d9c1f8b7a7b4dec086707fdc84d,0x267be1c1d684f78cb4f6a176c4911b741e4ffdc0,654961080000000000000,21000,28755689642,0x,0x,,,10358331,1,21000,1509711,0
19669936,0xfacd7b2c07802ebbd13e1d25e792ca8fcccf10903f8d1c9c86690c50e62e1ccb,1713293411,0x5a652a441dbe541784170d2399b49085dafb030bd3bbb30b92a46e093fb79331,36,111,0x40638e9fe6005d9c1f8b7a7b4dec086707fdc84d,0x267be1c1d684f78cb4f6a176c4911b741e4ffdc0,91906870000000000000,21000,11017504661,0x,0x,,,13724465,1,21000,1480540,0
19677760,0x09ddcda75d5fb22346c018e9a2e234f15e6b017bd9522413562291e6180a2d5e,1713387911,0x12ffced9539ff7957cf4e7994fef86bebc34bbade3031cbe0e8d1f743b7a233e,41,133,0x40638e9fe6005d9c1f8b7a7b4dec086707fdc84d,0x267be1c1d684f78cb4f6a176c4911b741e4ffdc0,92464300000000000000,21000,13556588929,0x,0x,,,11225890,1,21000,1472716,0
19713060,0x2d7fd9bfa856898912058452bd4db394ad8ea04a5ef24e8bd4ffe4b4e36a40e9,1713814523,0x7aa7855632c393a4b4ba27c3df5377e60414190be0f02202b074e58fde596f85,47,157,0x40638e9fe6005d9c1f8b7a7b4dec086707fdc84d,0x267be1c1d684f78cb4f6a176c4911b741e4ffdc0,181119640000000000000,21000,9718089380,0x,0x,,,11049638,1,21000,1437416,0
19727127,0xe3f3e0bc200061c513b9b6da1cac5e0c4ad437d458418970f87a240914bba59d,1713984635,0x57d69e96161b691678de89227b541b1589d93e762f048eb4906a92766403fb2d,55,100,0x40638e9fe6005d9c1f8b7a7b4dec086707fdc84d,0x267be1c1d684f78cb4f6a176c4911b741e4ffdc0,653456890000000000000,21000,13567300025,0x,0x,,,10951887,1,21000,1423349,0
19740960,0x99b7e5ff100e54e9475403e355e94a64d0fb466ccef692fda25e6be166335459,1714151867,0xd82b634f2f36ea40c58f7b5ebdb88f96adeaaabb20e6d3da335322fa067ebe02,60,176,0x40638e9fe6005d9c1f8b7a7b4dec086707fdc84d,0x267be1c1d684f78cb4f6a176c4911b741e4ffdc0,10874220000000000000,21000,6462794608,0x,0x,,,14993438,1,21000,1409516,0
19769707,0x9de9d8b6e8ec1b856ec24a116242f210d11faa0df56d1ff30360ac3a218bd1b5,1714499183,0xc2a75e29b374d1cf79c04dc21715eb52b0314a620d8c72dad6fb070c5422b421,64,232,0x40638e9fe6005d9c1f8b7a7b4dec086707fdc84d,0x267be1c1d684f78cb4f6a176c4911b741e4ffdc0,998987450000000000000,21000,14696482422,0x,0x,,,21747620,1,21000,1380769,0
19791851,0xcd366964ef2e05bd8074fa5d1ce7da37f45220598268bc30439f8ef06ccf0000,1714766627,0xc17d8902cca221cf8425c1d2500935d1dfc08342bb0cc0ba2c7a6a6654755a5d,71,143,0x40638e9fe6005d9c1f8b7a7b4dec086707fdc84d,0x267be1c1d684f78cb4f6a176c4911b741e4ffdc0,72445240000000000000,21000,5023959046,0x,0x,,,13554425,1,21000,1358625,0
19834488,0x6e4a921f2be5402869489b615f4d15d187e790615b0023f769bb2e0f6d40c3a0,1715281835,0x2e30f7751e99065083ff10e3291c2e53d9256bb857d7b56a8a0baaa2de09e2d9,85,144,0x40638e9fe6005d9c1f8b7a7b4dec086707fdc84d,0x267be1c1d684f78cb4f6a176c4911b741e4ffdc0,103290370000000000000,21000,4342170020,0x,0x,,,13107670,1,21000,1315988,0
19870397,0x804017b3f54660f7481d8649b618e53dee251eeef8907c1a4ff55c302113b1a7,1715715983,0x382d9edbfc362b3777cb220dca589c2b36d42427f61999b031f8ca82cab4820d,94,166,0x40638e9fe6005d9c1f8b7a7b4dec086707fdc84d,0x267be1c1d684f78cb4f6a176c4911b741e4ffdc0,991876230000000000000,21000,7967309700,0x,0x,,,24463763,1,21000,1280079,0
19877507,0xd9bd80eef1c1d6350513ff308d32e740fe29a955b9ed783577e85c29b6dcad28,1715801723,0x55a47efa433a1c3741f57dc6ec328bcaa8f110a77c690302883e0d4c06668539,98,140,0x40638e9fe6005d9c1f8b7a7b4dec086707fdc84d,0x267be1c1d684f78cb4f6a176c4911b741e4ffdc0,447536760000000000000,21000,8391249690,0x,0x,,,17464544,1,21000,1272969,0
19884488,0x8568988e7a762fd1f745bc4e4268eae066847f97d86d1c897a6aed090d586d0c,1715886071,0x992778f363134b9c0192635d62a888c2e0dd2eb9685fec7eeb494622ef0d97a4,101,261,0x40638e9fe6005d9c1f8b7a7b4dec086707fdc84d,0x267be1c1d684f78cb4f6a176c4911b741e4ffdc0,58315400000000000000,21000,4618532122,0x,0x,,,27365294,1,21000,1265988,0
19934324,0x444d957b6004b660201b8043203086d6ad6f85672eaf8a23f554c8275fcd78f3,1716488339,0xe36997e444dfd18e55674068d88c96aa0742227d6a475822c2704a9fbbe9fd97,112,105,0x40638e9fe6005d9c1f8b7a7b4dec086707fdc84d,0x267be1c1d684f78cb4f6a176c4911b741e4ffdc0,11835120000000000000,21000,15347753775,0x,0x,,,6836136,1,21000,1216152,0
19970558,0x5cdda7e83fc205053d3bdd4a3afc41b1972cb939dc4847e440ff6502940fc956,1716925727,0xe2ee394e20e9639fbf68202b19f6e78f826b40eb202246772aadb1d50aaf463e,121,114,0x40638e9fe6005d9c1f8b7a7b4dec086707fdc84d,0x267be1c1d684f78cb4f6a176c4911b741e4ffdc0,719590910000000000000,21000,15781215083,0x,0x,,,10171657,1,21000,1179918,0
19977499,0xec1572e77c4498e6bab1dee257d7c31a2ce8e422e6b2fe1b3f4a22351bb4e3d7,1717009751,0xfb883d7aeb527d6be0d8de1d0b1c6455e76c6c5ee462117948674bbca6554701,127,193,0x40638e9fe6005d9c1f8b7a7b4dec086707fdc84d,0x267be1c1d684f78cb4f6a176c4911b741e4ffdc0,273034590000000000000,21000,11275649797,0x,0x,,,14978124,1,21000,1172977,0
19991862,0x4a3696b01df7beb036bcb55848e442caeec4a3efaa250652e4b343d61294ba94,1717183223,0xe49988439b936a441c684dd6b731a5c815927df54de15f9b4be68377d1e6b49f,130,165,0x40638e9fe6005d9c1f8b7a7b4dec086707fdc84d,0x267be1c1d684f78cb4f6a176c4911b741e4ffdc0,242491600000000000000,21000,11853862075,0x,0x,,,16360914,1,21000,1158614,0
20020895,0xe91f1fadee82429892258b4e2696ea96d07cd50786235f1a0dcf27f7614bf30e,1717533503,0x73d59e311083b3887fb155f02c913df1cef33a145ec237888f1f38603daeb55b,134,114,0x40638e9fe6005d9c1f8b7a7b4dec086707fdc84d,0x267be1c1d684f78cb4f6a176c4911b741e4ffdc0,90901710000000000000,21000,11388957392,0x,0x,,,19345485,1,21000,1129581,0
20063370,0x57584f5efd8aed476c04d57605b6e91ad9d70cfa2fdca8c81f62efa3b23471ef,1718045927,0x12806214cede9d1ca11b3e5daf37df38da79d6e01e8b52d62cbfe753a2538ad3,148,156,0x40638e9fe6005d9c1f8b7a7b4dec086707fdc84d,0x267be1c1d684f78cb4f6a176c4911b741e4ffdc0,267688810000000000000,21000,17494001030,0x,0x,,,11446868,1,21000,1087106,0
20070586,0x6214a788fcd7af0af4149805d3812cf044a14c5a6602aeae4ee33c1b95db6e3c,1718132999,0x1d5c2c752ac1b4d165907dde1af2d3d71cc1de058700e9fbcd02da4c721b4b7a,151,121,0x40638e9fe6005d9c1f8b7a7b4dec086707fdc84d,0x267be1c1d684f78cb4f6a176c4911b741e4ffdc0,18696250000000000000,21000,11301232160,0x,0x,,,12013746,1,21000,1079890,0
20077703,0xfcbb50a357b26c864c1393d48027620920f43a01b95a6bf1c86528bd6eec2741,1718218883,0x4342975db4bd1467d986efc01e2026c9d27af4b38476be1c8edd08aae9ec3023,156,158,0x40638e9fe6005d9c1f8b7a7b4dec086707fdc84d,0x267be1c1d684f78cb4f6a176c4911b741e4ffdc0,238995090000000000000,21000,21077992577,0x,0x,,,12704932,1,21000,1072773,0
20092292,0xe32a1d7ec231de8e1b1c117a4665abb246b450f1947945133cd24730822ba324,1718395151,0x4de70a15acaa8829dc5ff63db8c1770e958dcbe33461b8aae338d56d23d83fbf,161,196,0x40638e9fe6005d9c1f8b7a7b4dec086707fdc84d,0x267be1c1d684f78cb4f6a176c4911b741e4ffdc0,223741860000000000000,21000,6982692515,0x,0x,,,23637176,1,21000,1058184,0
20121036,0x2d26018ecd06719f6ecb08694d6345590b80c844ce4420abf9fba8e57dc86037,1718742611,0x1e717aaeda2556f53c43f70f46cf2a582fd7384c88321562e5880b01805516e8,166,296,0x40638e9fe6005d9c1f8b7a7b4dec086707fdc84d,0x267be1c1d684f78cb4f6a176c4911b741e4ffdc0,29174210000000000000,21000,4920702161,0x,0x,,,19169449,1,21000,1029440,0
20127540,0xcd9baa3d5b274a166da14ae48ad004f62b7904b8b864d33d4aec1bdf63cf5eda,1718821283,0x1023565edcc2759683c63a8be13053708ffce0e3cf1d4cad21b6a8e4c0cc223b,168,110,0x40638e9fe6005d9c1f8b7a7b4dec086707fdc84d,0x267be1c1d684f78cb4f6a176c4911b741e4ffdc0,87433980000000000000,21000,17325850551,0x,0x,,,11870569,1,21000,1022936,0
20135030,0x654a43e56ce3d740a3f40678733609821882b3799eddd7316bd34088824d4e1f,1718911799,0x054bf50735a30c704efab00ef50d36517c26ede83a0bba8a7c113554ba758900,171,127,0x40638e9fe6005d9c1f8b7a7b4dec086707fdc84d,0x267be1c1d684f78cb4f6a176c4911b741e4ffdc0,1688796490000000000000,21000,8039386007,0x,0x,,,11081451,1,21000,1015446,0
20142442,0xf7ea9ce6a084dacd37b07244f4592f54001844bd2d3f613bf6a4d0d6890d7c35,1719001211,0x644f837758ae26e7d536b440c5e9aa363d4534b670dc7dc9ea4eb9aff1c07b80,175,213,0x40638e9fe6005d9c1f8b7a7b4dec086707fdc84d,0x267be1c1d684f78cb4f6a176c4911b741e4ffdc0,952453470000000000000,21000,5165397810,0x,0x,,,16570963,1,21000,1008034,0
20163247,0xd893f434297d2e8eb130e8854f75b33ec9a79e47acf2057dc8c43e8494739915,1719252647,0x6f30a1350aae276db69eb3465bb6b6bad4aa55db0d3aacbe8e2db9b5853869c5,178,84,0x40638e9fe6005d9c1f8b7a7b4dec086707fdc84d,0x267be1c1d684f78cb4f6a176c4911b741e4ffdc0,139224020000000000000,21000,5706698833,0x,0x,,,7323669,1,21000,987229,0
20170292,0x3eec8560bdbca8c23f0d134c2da9133e9e1eff9c8cf4aec4c47843eb91166517,1719337739,0x11fa37162c2efc6f394c12b2d886dd4e9df8d8da5387c3118ae45940218c40da,180,188,0x40638e9fe6005d9c1f8b7a7b4dec086707fdc84d,0x267be1c1d684f78cb4f6a176c4911b741e4ffdc0,193667540000000000000,21000,7372833192,0x,0x,,,17818392,1,21000,980184,0
20177592,0xcabae1430c2ef57207fd1164dde6db4fa9ff186dbf127e0c6b235c9b611be794,1719425771,0x682c40f62ff4f645ddd949a0220af8f68dbf0b6981232ba09333a6a9147f1802,181,192,0x40638e9fe6005d9c1f8b7a7b4dec086707fdc84d,0x267be1c1d684f78cb4f6a176c4911b741e4ffdc0,69613690000000000000,21000,6834638137,0x,0x,,,15684069,1,21000,972884,0
20184848,0x5cf386b24864cb1e40e7989d7495a37247e15a1505f9fc0557dd53bde20a35f4,1719513287,0x04ff4dd855d99bf58936e62d72b4bf29283a2cfbbf3280d409be662599816f6b,184,125,0x40638e9fe6005d9c1f8b7a7b4dec086707fdc84d,0x267be1c1d684f78cb4f6a176c4911b741e4ffdc0,325597110000000000000,21000,8562038352,0x,0x,,,10932076,1,21000,965628,0
20220726,0xc0623440d351c27d2defa6e89402c05b7fa4f527005dd11e5ab83b61eee459a3,1719946211,0xd4ec3f72e52a4afeadae78e7cb9270b5dbfa51f1445f0dd1c961ae6e15e618c5,188,163,0x40638e9fe6005d9c1f8b7a7b4dec086707fdc84d,0x267be1c1d684f78cb4f6a176c4911b741e4ffdc0,864957930000000000000,21000,4977314474,0x,0x,,,14914308,1,21000,929750,0
20278039,0x0e704cf176e22cebedbccf5e860310689863cd2535bf067ae63a86b9bdb9775c,1720637879,0xcda6519ead5ff27514c552c30b82a7cb8d7b51ff383532af6b99259d821d7368,201,155,0x40638e9fe6005d9c1f8b7a7b4dec086707fdc84d,0x267be1c1d684f78cb4f6a176c4911b741e4ffdc0,86597370000000000000,21000,7280705385,0x,0x,,,12984053,1,21000,872437,0
20291859,0x03a7a42ab7f3fe3887b583aad160ddf608ab6ac17efb95c0b3aae42e62e9b14c,1720804583,0x14b0fd82c220073bcf0c55fac25f20035a18469e24fa83d127fadd3348260a8f,203,87,0x40638e9fe6005d9c1f8b7a7b4dec086707fdc84d,0x267be1c1d684f78cb4f6a176c4911b741e4ffdc0,59530490000000000000,21000,4051948246,0x,0x,,,7295899,1,21000,858617,0
20313382,0xfba489c3ebc89f60c971af7c02ceec25618a42946868fa683a943dc96d00b7bc,1721064263,0x73c2bd2a76e6ce698af72dc8ce3ec4da37397a844c53716999b1f390f9c46116,207,94,0x40638e9fe6005d9c1f8b7a7b4dec086707fdc84d,0x267be1c1d684f78cb4f6a176c4911b741e4ffdc0,23018780000000000000,21000,26899677570,0x,0x,,,9253308,1,21000,837094,0
20328375,0x5d5b0ce5aa76cf3d7bf3aa5b9b6ff4c1bfe65bd4ecf8bed50f5f2ca54c5d154c,1721244947,0x66a913a6d1d86eaf2000bc808afa5fee315011cf2aa961c781341f5a2b874f94,214,112,0x40638e9fe6005d9c1f8b7a7b4dec086707fdc84d,0x267be1c1d684f78cb4f6a176c4911b741e4ffdc0,73095290000000000000,21000,8887725850,0x,0x,,,9749722,1,21000,822101,0
20334908,0xe2e763eb35c722d9408b682973f032ceb914277120fb5c7b054971f1dfb09307,1721323787,0x5304d553f3f7db9f34002f423779f9e2bb22778161636e8fb331d07f4a7e3851,217,109,0x40638e9fe6005d9c1f8b7a7b4dec086707fdc84d,0x267be1c1d684f78cb4f6a176c4911b741e4ffdc0,154654670000000000000,21000,17287613982,0x,0x,,,11079394,1,21000,815568,0
20371248,0x19ae64e70c6207084e06835e48648449cc924fa4dbc93d3b32660e7b56547f6a,1721761991,0x4fd4264051fee4367fa33543434cbf62cadf652c361c1f018308249609ea8392,224,264,0x40638e9fe6005d9c1f8b7a7b4dec086707fdc84d,0x267be1c1d684f78cb4f6a176c4911b741e4ffdc0,129527030000000000000,21000,4279657980,0x,0x,,,26261663,1,21000,779228,0
20420844,0x4e5d4a8204d04ee4cc965e21daf680857573c3cea140182cc769066003528642,1722360323,0xe2ab194a70f936c64d07d8b04b7c8dda3f99a3acf666e358efefa020a16b3cab,235,160,0x40638e9fe6005d9c1f8b7a7b4dec086707fdc84d,0x267be1c1d684f78cb4f6a176c4911b741e4ffdc0,58815110000000000000,21000,10041773946,0x,0x,,,15725943,1,21000,729632,0
20434649,0x865a71d834052eea87da00451ea12feacd6fbf604f5890fd3774ad9da3c1c9fc,1722526775,0x8100dee998405a8ce7c510893b72a5e82cf71d235e9ad7f5ce746a9a323f6dc5,241,175,0x40638e9fe6005d9c1f8b7a7b4dec086707fdc84d,0x267be1c1d684f78cb4f6a176c4911b741e4ffdc0,15550020000000000000,21000,17582731682,0x,0x,,,12685511,1,21000,715827,0
20514629,0x00f03e79e1556366defb61b59afe7ede7deff8ed636aa143c048fe64a469aca2,1723490987,0x6e34168541308c89b5cefbf29d667f270f57b89f4258f7b031adde87b39d1ca9,257,177,0x40638e9fe6005d9c1f8b7a7b4dec086707fdc84d,0x267be1c1d684f78cb4f6a176c4911b741e4ffdc0,403439770000000000000,21000,3161088476,0x,0x,,,12727898,1,21000,635847,0
20529392,0xe4316e7b9a63fca0bb357e5fe878014067485e91b1b26aced36b76b139c951b0,1723668947,0xcaa6824bc7a5f67fe88e877bd12fea529e356bd9c03516fe74513c2bdc8c2137,263,94,0x40638e9fe6005d9c1f8b7a7b4dec086707fdc84d,0x267be1c1d684f78cb4f6a176c4911b741e4ffdc0,538319830000000000000,21000,2601965173,0x,0x,,,7620864,1,21000,621084,0
20542845,0x210a941ba7cff8ac9fe7259067ee57f0720803eca27e22b49e44bee5c11d414a,1723831235,0xe2aa1a41715323d11af2e580c2240273ec0db178758778d7b702fb7180ac804e,267,192,0x40638e9fe6005d9c1f8b7a7b4dec086707fdc84d,0x267be1c1d684f78cb4f6a176c4911b741e4ffdc0,31269760000000000000,21000,1931348888,0x,0x,,,19070118,1,21000,607631,0
20564524,0x19ede1a86e6276ab30474b6dff523a9ad5043a090ee2efb3e7527e12f65b62fb,1724092859,0x103d7790ea489e8772aeca825ea74406af31203ae8c07ff46333e6c70b3d0cee,272,309,0x40638e9fe6005d9c1f8b7a7b4dec086707fdc84d,0x267be1c1d684f78cb4f6a176c4911b741e4ffdc0,139014960000000000000,21000,1694602329,0x,0x,,,28094783,1,21000,585952,0
20578595,0xb6fa10046f04e54a9bcbac4ef47f8f830f4d0c23bcaef71d65c83d3058baf14e,1724262587,0xe5bc1ae545ad4228e90cb6c501178b835d9d0d002ef8d9820db0ef39fb4ff8b9,277,151,0x40638e9fe6005d9c1f8b7a7b4dec086707fdc84d,0x267be1c1d684f78cb4f6a176c4911b741e4ffdc0,33024860000000000000,21000,3202120037,0x,0x,,,14558927,1,21000,571881,0
20593306,0x24d5a321c187607dadbf1c3b8973e3945780b31ddf19121aae40b17470b84de2,1724440283,0x7b7ecda5d93b74f425b7d6a5ea5c1b5d78cac6fcde4fdc83e21247c83347b7f2,283,22,0x40638e9fe6005d9c1f8b7a7b4dec086707fdc84d,0x267be1c1d684f78cb4f6a176c4911b741e4ffdc0,7371220000000000000,21000,3180204588,0x,0x,,,1975633,1,21000,557170,0
20614448,0x6ed023147c628a1442d10a693e08841e710d6cc61e30819debda84f74b525baa,1724695559,0x4fc90b678c4d72803322f28bf1b29bebcbff241fa582c6d1d70c1993190c7b5a,287,250,0x40638e9fe6005d9c1f8b7a7b4dec086707fdc84d,0x267be1c1d684f78cb4f6a176c4911b741e4ffdc0,554805260000000000000,21000,1991222747,0x,0x,,,16553270,1,21000,536028,0
20621637,0x1f4328698a4b530fd86411aa259cfb71cad3c7d60f830aa9b19fbc8e9dd2d02f,1724782391,0x293ff2c4e1af99ff7e287f6cf27a37ae3a44cbf4ae9164717a35f5f37d0b3d97,288,157,0x40638e9fe6005d9c1f8b7a7b4dec086707fdc84d,0x267be1c1d684f78cb4f6a176c4911b741e4ffdc0,159521470000000000000,21000,1236328668,0x,0x,,,13801149,1,21000,528839,0
20635346,0xde5f20ff16e8f6de36ab9e3f244f238e8393547f5bda7ab9f5307354cb4fcbf3,1724947847,0x41187105e4c8956ccfb7cebad93eb945e8d962da9cf4bce6d918ffa66beea97a,290,53,0x40638e9fe6005d9c1f8b7a7b4dec086707fdc84d,0x267be1c1d684f78cb4f6a176c4911b741e4ffdc0,110513850000000000000,21000,5068986815,0x,0x,,,3888386,1,21000,515130,0
20693644,0x234519d8469fdc3f27aa767e117f6d8502d8a298461aaf6e840129e34d287e59,1725650951,0x36991076123e0391d64bbd4d79a33f5fa5bcb88b8bdf12d50481e9af270a64c8,302,199,0x40638e9fe6005d9c1f8b7a7b4dec086707fdc84d,0x267be1c1d684f78cb4f6a176c4911b741e4ffdc0,205658380000000000000,21000,3938373265,0x,0x,,,12194328,1,21000,456832,0
20715869,0x11a4cf777c98669f85a8cbb6600447b51503b8562d9bee9397c9b4b13432b2f8,1725918851,0x68223fb7ca3e4c020b9babbfa5c85425e5028c7670cc5d563f28b289a33471f3,308,115,0x40638e9fe6005d9c1f8b7a7b4dec086707fdc84d,0x267be1c1d684f78cb4f6a176c4911b741e4ffdc0,355181060000000000000,21000,2632476904,0x,0x,,,9607742,1,21000,434607,0
20728798,0x65fc32f8e51ac73889dc395ce1f68bb538e53cf6360a36e119b5e744e9badac6,1726074959,0x33edc2280a14a03b137d3ef9b230723ad7354c711261d9975319c18364198a6f,311,232,0x40638e9fe6005d9c1f8b7a7b4dec086707fdc84d,0x267be1c1d684f78cb4f6a176c4911b741e4ffdc0,291602290000000000000,21000,2429485949,0x,0x,,,17630207,1,21000,421678,0
20764787,0x8135143fd87a9785861080850497e5e4c407c0521efbf2b842c4878a2435968c,1726509179,0xfa714be55e6e29bad6d95e669e668af79b49264c6ee59d18a903845f8953fd09,320,129,0x40638e9fe6005d9c1f8b7a7b4dec086707fdc84d,0x267be1c1d684f78cb4f6a176c4911b741e4ffdc0,255535920000000000000,21000,9788452895,0x,0x,,,9823301,1,21000,385689,0
20771793,0xda96dc8e53faf91894a32b2c9b83d8e3a40c37ccf453250725583d972d2c74e4,1726593803,0x4643e89e9692a05031cbc3847fa629d6bdd92acf0b9856b4113a3735f8c79bcf,321,133,0x40638e9fe6005d9c1f8b7a7b4dec086707fdc84d,0x267be1c1d684f78cb4f6a176c4911b741e4ffdc0,55113280000000000000,21000,18783753999,0x,0x,,,13284959,1,21000,378683,0
20793792,0x29c3391d3661de7a94b36733ec51f0345d0874016b29f4e59ae9409b4968add5,1726859315,0x846d0dc1f7834a66019e9ecd3b8c40a4d384a5d91df250b41042cecee0ca97eb,328,70,0x40638e9fe6005d9c1f8b7a7b4dec086707fdc84d,0x267be1c1d684f78cb4f6a176c4911b741e4ffdc0,50174560000000000000,21000,11413992321,0x,0x,,,9175937,1,21000,356684,0
20836440,0x356e7ffcb95dc88e340a48ed26ab2a21483621eeabf1f665c7fe7c287fdc903b,1727373551,0xce98a0b8539a4b8c5586a02a2b5d5afbb7b0795d8b38bb4319f17d5811dc8527,340,183,0x40638e9fe6005d9c1f8b7a7b4dec086707fdc84d,0x267be1c1d684f78cb4f6a176c4911b741e4ffdc0,288655530000000000000,21000,25057964067,0x,0x,,,22496132,1,21000,314036,0
20843295,0x0162e728cf947f167388d00eda97987ca9e9a5720a8a9885a386999d019da2f8,1727456183,0xa98366905ae416f5521ce672735ebdc70b50e572dfd5db1502f1beddc2406a56,344,271,0x40638e9fe6005d9c1f8b7a7b4dec086707fdc84d,0x267be1c1d684f78cb4f6a176c4911b741e4ffdc0,176732660000000000000,21000,15769105834,0x,0x,,,24993788,1,21000,307181,0
20865555,0xbd10b51424e77f366b97b4cf15ca35ba67d7e96eaa436d6f675039e7ffbb93d4,1727724395,0xe6885ce1472ae50e2d1b6fb2458724cc68550c1babab015874ab6607a7f4a2ee,349,174,0x40638e9fe6005d9c1f8b7a7b4dec086707fdc84d,0x267be1c1d684f78cb4f6a176c4911b741e4ffdc0,557790560000000000000,21000,16178121374,0x,0x,,,8084054,1,21000,284921,0
20872101,0x77626dd19523686842b68ca55f7cdd7f38f6b2d235693bd5df5abfb68320bdef,1727803283,0x21d7fda2a7dc49e6ce3a5a551fd3be0abf590a83fae2f49d470f207a8dc4f071,350,111,0x40638e9fe6005d9c1f8b7a7b4dec086707fdc84d,0x267be1c1d684f78cb4f6a176c4911b741e4ffdc0,59647890000000000000,21000,51883016995,0x,0x,,,18152925,1,21000,278375,0
20894214,0x669923d8790c439dace9cd0a391814a6bb4834277c2e8cf0037bb19fa471c686,1728069623,0x1e5565d6ebd00f0a374f9fb74790898101d509abed35450b0d2b95666f8965a4,358,162,0x40638e9fe6005d9c1f8b7a7b4dec086707fdc84d,0x267be1c1d684f78cb4f6a176c4911b741e4ffdc0,172760790000000000000,21000,6494964165,0x,0x,,,12206196,1,21000,256262,0
20922660,0x03abae07b75fd977f65d173b1c6d4d56a6b37f3af617e2c9d0472e3e43462df2,1728412151,0xc503a90f8f778b5fa82db4c9271ebcf61d5c4674325fdcb585f6aba2b3b53e3c,364,137,0x40638e9fe6005d9c1f8b7a7b4dec086707fdc84d,0x267be1c1d684f78cb4f6a176c4911b741e4ffdc0,166123730000000000000,21000,19736917580,0x,0x,,,18489142,1,21000,227816,0
20972634,0x12f2d0ffe9db4bbd68b58b801c9df2981617e5d3728b87248893baea768da8df,1729015439,0xe492cfa9601a43c5acc1767906a2ad1809a60d39d3b360c488f2e2ec7c1519a3,376,74,0x40638e9fe6005d9c1f8b7a7b4dec086707fdc84d,0x267be1c1d684f78cb4f6a176c4911b741e4ffdc0,79340740000000000000,21000,15614459286,0x,0x,,,4815523,1,21000,177842,0
20987187,0x1a1734ae43bd0c6bd0a14c962b074a99eec1ac3def09d3f8434107bfc09e559e,1729191035,0x4eb9dadb48a39ad57f354678bdf7f17bb5f6b3f2fcb25fbd6b6264434cbbb1fb,381,141,0x40638e9fe6005d9c1f8b7a7b4dec086707fdc84d,0x267be1c1d684f78cb4f6a176c4911b741e4ffdc0,68081530000000000000,21000,21038242296,0x,0x,,,10546669,1,21000,163289,0
21015236,0x896c3321ceda7a8adc20453bab988488b2c31d477d30d1f303c359b56229e907,1729529123,0x094af8d614f4671afb4f4259927dd958593d011187b86c9dc34488f84f1ee85d,385,143,0x40638e9fe6005d9c1f8b7a7b4dec086707fdc84d,0x267be1c1d684f78cb4f6a176c4911b741e4ffdc0,206028950000000000000,21000,9898446843,0x,0x,,,10576001,1,21000,135240,0
21023321,0x40b22109fa21a21d238632a009ef304caa8fb5d80f9b96917e9e04ba8194bf74,1729626647,0x18c337fad8f0c27b3531e19703e087c0e2c6776af77ccbcc93d6222d193c2ac3,388,171,0x40638e9fe6005d9c1f8b7a7b4dec086707fdc84d,0x267be1c1d684f78cb4f6a176c4911b741e4ffdc0,30405690000000000000,21000,9216012711,0x,0x,,,13022064,1,21000,127155,0
21029567,0xc68df993d58c91fd6d7a6d3726c4e025e3212720ad7b0d85f9362f4c493cc402,1729701899,0x84f7ed4503ef3e2f4bf325dd9bdcf311f77deb75965cb1f8dee6f60dd26c52fe,389,160,0x40638e9fe6005d9c1f8b7a7b4dec086707fdc84d,0x267be1c1d684f78cb4f6a176c4911b741e4ffdc0,250698010000000000000,21000,23785485198,0x,0x,,,13866343,1,21000,120909,0
21037109,0xacdd261bb7b15ad1cf611e6367b1fb51bcf7e92919d18ca6731310b01f429ff8,1729792775,0xbe322a8855d46761157f0fdf9458952020128cb9a01796c480c9cf8e8cf30df2,394,113,0x40638e9fe6005d9c1f8b7a7b4dec086707fdc84d,0x267be1c1d684f78cb4f6a176c4911b741e4ffdc0,70875950000000000000,21000,15688891156,0x,0x,,,7443382,1,21000,113367,0
21081275,0x5fc62a659e5a4854aa3c50a850444b793a363f2971d71c8f929c89629a5c9f5b,1730325347,0x7729585659f2578f20808f4f42d52e7a1433e31354f018dc4312be291dce246c,407,117,0x40638e9fe6005d9c1f8b7a7b4dec086707fdc84d,0x267be1c1d684f78cb4f6a176c4911b741e4ffdc0,72700710000000000000,21000,8652069528,0x,0x,,,10203197,1,21000,69201,0
21087543,0xcbbc7bcdd5b8d5ca6dda7f81e8063014194dbef7497f3f5b748c522d41065cdb,1730400839,0x922e3113c88bf09ea8890f68d9ae3661d11ae0bb150625503c39dc56711a8f71,410,121,0x40638e9fe6005d9c1f8b7a7b4dec086707fdc84d,0x267be1c1d684f78cb4f6a176c4911b741e4ffdc0,569880640000000000000,21000,18206663658,0x,0x,,,12342217,1,21000,62933,0
21095832,0x52596c4ccc9f090ae1dedcbc7199f2ba7f974d6ff0e31d07b3e420e6921253c0,1730500703,0xd94bd7837da0eeb431ea18f5127591b839bd6c44aec34355193854c68d45e777,414,125,0x40638e9fe6005d9c1f8b7a7b4dec086707fdc84d,0x267be1c1d684f78cb4f6a176c4911b741e4ffdc0,23406758308300000000,21000,5205302041,0x,0x,,,12056428,1,21000,54644,0
21116904,0x063d5e5954847e77a3a8a27855f2e030779a1fdde8f97159cf37a8fbf6805371,1730754887,0x30b59ae3b941f01eac5e4b7f82a86da7677ae5c5151bff02bf921cc70e2105f7,415,140,0x40638e9fe6005d9c1f8b7a7b4dec086707fdc84d,0x267be1c1d684f78cb4f6a176c4911b741e4ffdc0,5329515010900000000,21000,6433498800,0x,0x,,,13708631,1,21000,33572,0
21130645,0xd5103d1cab2a8f2df9210a76f8610334a5808139e14dc1876199e276b3eb0224,1730920643,0x8e1e469661f33a726e9b44be2b8dc248ce9b85b5cf71c5be38f23cd15f8fa3dd,418,99,0x40638e9fe6005d9c1f8b7a7b4dec086707fdc84d,0x267be1c1d684f78cb4f6a176c4911b741e4ffdc0,679054613254400000000,21000,13662678690,0x,0x,,,10404446,1,21000,19831,0
21144775,0x978da7d5e440fefee76f470872384a627b4c44979196679dac09f8c69fa75b97,1731091223,0xc3ffdb06df4bf9e1332c896418ac63b1aa0be0218edd2355937d513e9eefc7c9,426,159,0x40638e9fe6005d9c1f8b7a7b4dec086707fdc84d,0x267be1c1d684f78cb4f6a176c4911b741e4ffdc0,662260639636600000000,21000,19842772662,0x,0x,,,14848891,1,21000,5701,0
15503341,0x758b837e3c35ac1cc60c3bfd37cab4c791de97bb070b9dfd2f0788c5398ff346,1662735201,0xb24b7ecdbc7eca72fac4466494846e1198c227e32e847df59a710ec40639b89a,127,17,0xddf744374b46aa980ddce4a5aa216478bf925cd1,0x267be1c1d684f78cb4f6a176c4911b741e4ffdc0,1000000000000000000000,21000,18050000000,0x,0x,,,1705111,1,21000,5647172,0
1781768,0xebac4f5a12ff24bbc947372407a387724d27931d3a408cc31d429fecf720de80,1467043120,0xe764cab70db5f9c173b0d4a45bdf348103b9ced0b78db528ea6dbdf1491f3872,699,0,0xd24400ae8bfebb18ca49be86258a3c749cf46853,0x61edcdf5bb737adffe5043706e7c5bb1f1a56eea,5000000000000000000,90000,20000000000,0x,0x,,,22386,,22386,19368765,0
1781918,0x4042b0ac92d838e3764dd9f02f18e5c4a052f11427f9126c75cf8484a8d28179,1467045193,0x16e49443bb6efad53656fbe709fd36fc036d1408946022f8622291ccb10781a2,703,0,0xd24400ae8bfebb18ca49be86258a3c749cf46853,0x61edcdf5bb737adffe5043706e7c5bb1f1a56eea,0,300000,70000000000,0xda95ebf7000000000000000000000000d24400ae8bfebb18ca49be86258a3c749cf468530000000000000000000000000000000000000000000000000de0b6b3a7640000,0xda95ebf7,"requestWithdrawal(address beneficiary, uint256 amount)",,105652,,105652,19368615,0
1782011,0x8e3201fa1212572dc063d718ca92476829a2f14c6d63d3a56a3f4b643309de4c,1467046514,0xb6d9c322c41acfaab01c2d6111bd1f757e8589a2b5d2c2ef062f1a03456ee713,705,4,0xd24400ae8bfebb18ca49be86258a3c749cf46853,0x61edcdf5bb737adffe5043706e7c5bb1f1a56eea,0,300000,20000000000,0xda95ebf7000000000000000000000000d24400ae8bfebb18ca49be86258a3c749cf468530000000000000000000000000000000000000000000000000de0b6b3a7640000,0xda95ebf7,"requestWithdrawal(address beneficiary, uint256 amount)",,174652,,90652,19368522,0
1782060,0xd09f20c6d7788251d968a024baca29202254585048fb5fdd760fb494d2a4cfa4,1467047147,0x66142de155487c40baf88ed7b71b3ab6e40c9391425e0675a85e27ec303b9580,707,4,0xd24400ae8bfebb18ca49be86258a3c749cf46853,0x61edcdf5bb737adffe5043706e7c5bb1f1a56eea,0,300000,20000000000,0xda95ebf7000000000000000000000000d24400ae8bfebb18ca49be86258a3c749cf468530000000000000000000000000000000000000000000000000de0b6b3a7640000,0xda95ebf7,"requestWithdrawal(address beneficiary, uint256 amount)",,216302,,90652,19368473,0
1782173,0xe199aec87035920ec0d06412a4cb66bfcfc67f4b4fc7e1d584b98548d71de166,1467048720,0x24c26927fa7e80082222e49088c4a8334e344f06ea2ed56e187dc02ade134d5f,709,1,0xd24400ae8bfebb18ca49be86258a3c749cf46853,0x61edcdf5bb737adffe5043706e7c5bb1f1a56eea,0,300000,20000000000,0xda95ebf7000000000000000000000000d24400ae8bfebb18ca49be86258a3c749cf468530000000000000000000000000000000000000000000000000de0b6b3a7640000,0xda95ebf7,"requestWithdrawal(address beneficiary, uint256 amount)",,111652,,90652,19368360,0
1782175,0x0df229a53b16085d21c1f0acda49f31c209e886475781dfc570c3b5e26598418,1467048732,0xcf6c275796df5a2dd95f511cbc74970d0a1ae362a9555a1a1a08e6f428877d23,710,0,0xd24400ae8bfebb18ca49be86258a3c749cf46853,0x61edcdf5bb737adffe5043706e7c5bb1f1a56eea,0,300000,20000000000,0xda95ebf7000000000000000000000000d24400ae8bfebb18ca49be86258a3c749cf468530000000000000000000000000000000000000000000000000de0b6b3a7640000,0xda95ebf7,"requestWithdrawal(address beneficiary, uint256 amount)",,90652,,90652,19368358,0
1830234,0x7582d5e89dba7219825c3b803784972c7d9b6564b70fb5332992a578230bb060,1467736810,0x813f9d66742ecb50a83e53d686ed0df6595610b23d0d781b74ed830d623d6e2f,760,9,0xd24400ae8bfebb18ca49be86258a3c749cf46853,0x61edcdf5bb737adffe5043706e7c5bb1f1a56eea,0,300000,20000000000,0xb00606a5babcf6e07579af9fe835e69f061715d0991ddc512f9e0e7376e0aec023c3523e000000000000000000000000000000000000000000000000000000000000001c5ba866e599385a38a6b0f8043b13df6b4c1608341d4304d69d99244e9ff636507a6c5ed3a11af434ef1bca3b76b74ce5fd892fe5eee871ddc9af7a4d5f22e025,0xb00606a5,"confirm(bytes32 seed, uint8 _v, bytes32 _r, bytes32 _s)",,3213640,,53991,19320299,0
1830234,0x7582d5e89dba7219825c3b803784972c7d9b6564b70fb5332992a578230bb060,1467736810,0x709b99385a51a99a75e18487fe3f08e42f8e38341ec5bde045a9136ad4345bf6,761,11,0xd24400ae8bfebb18ca49be86258a3c749cf46853,0x61edcdf5bb737adffe5043706e7c5bb1f1a56eea,0,300000,20000000000,0xb00606a5babcf6e07579af9fe835e69f061715d0991ddc512f9e0e7376e0aec023c3523e000000000000000000000000000000000000000000000000000000000000001b4390a2a7b12a1630557824860b0c990e998996e74b1dfb8b3d378036a834c9a7760b9081737db24bba9ff8a45ae9865aea1d44b47e21508ae01e9a34458bb129,0xb00606a5,"confirm(bytes32 seed, uint8 _v, bytes32 _r, bytes32 _s)",,3265603,,30963,19320299,0
1837149,0xbe8b13f97b650fc34acaeb4567eca7e7d78a230abb5803146dd64fc6f7cd3afb,1467836767,0xa4cdc21d47cda0930d5e4c5ab765dc57fbef7da363e1664232153f07014d697d,769,0,0xd24400ae8bfebb18ca49be86258a3c749cf46853,0x61edcdf5bb737adffe5043706e7c5bb1f1a56eea,0,300000,20000000000,0xb00606a54526e24e48462e529e78a7c21489364af78f8a1ac86bb0b63a4b51901ce00c10000000000000000000000000000000000000000000000000000000000000001cd55c813d7c15dec17dba05925c546f0c4fb930c548931b0a43ad0c5109914574631cc2c88b69e6dcd35560cb3811ccb7d7a3856337f9b2fa7a1e7f578bf1a751,0xb00606a5,"confirm(bytes32 seed, uint8 _v, bytes32 _r, bytes32 _s)",,53991,,53991,19313384,0
1837149,0xbe8b13f97b650fc34acaeb4567eca7e7d78a230abb5803146dd64fc6f7cd3afb,1467836767,0xfddbaa5caf46681209ffb391bd6f71608be9afb337c6d97a9a05dc427a61cfb6,770,2,0xd24400ae8bfebb18ca49be86258a3c749cf46853,0x61edcdf5bb737adffe5043706e7c5bb1f1a56eea,0,300000,20000000000,0xb00606a54526e24e48462e529e78a7c21489364af78f8a1ac86bb0b63a4b51901ce00c10000000000000000000000000000000000000000000000000000000000000001bdb4ff609771781e2802e092b716f7fb3231e1333a2a1e82fa4f01512b3aff5ee565a39e6aa7a4bd3aafe48ddc262e097b6fce59fa094989c06eea832b2461ef3,0xb00606a5,"confirm(bytes32 seed, uint8 _v, bytes32 _r, bytes32 _s)",,105954,,30963,19313384,0
2041150,0x8f2011868d0950efe15c9b80f7a7f383544c251d2db36bb5b62e34107fc3cf2c,1470759992,0x51c34f8de5e8d8520b90fb0232b9399aba7c60d7f7a01ae312ddf45e5241bc5c,1144,1,0xd24400ae8bfebb18ca49be86258a3c749cf46853,0x61edcdf5bb737adffe5043706e7c5bb1f1a56eea,0,300000,20000000000,0xda95ebf7000000000000000000000000d24400ae8bfebb18ca49be86258a3c749cf468530000000000000000000000000000000000000000000000000de0b6b3a7640000,0xda95ebf7,"requestWithdrawal(address beneficiary, uint256 amount)",,111652,,90652,19109383,0
2047941,0xcdef6cd9ea11ceff8d04c497025e37cae8c4262e089d269418d9c3116be46cee,1470856222,0xea86c67ca2f637f0faacf731399b2b10461aa36bf823b2a428cbfeafcfbb3d97,1169,3,0xd24400ae8bfebb18ca49be86258a3c749cf46853,0x61edcdf5bb737adffe5043706e7c5bb1f1a56eea,150000000000000000000000,90000,20000000000,0x,0x,,,85386,,22386,19102592,0
2047954,0x9abb79ab68a548d410f24722cb2d6e3d397e741872108142d76b10ef74600e82,1470856468,0x83195c035ca45d64887bebedb7d5aa1bcb5fa67b8b7a6c9e9d04bc5789bf5aae,1171,7,0xd24400ae8bfebb18ca49be86258a3c749cf46853,0x61edcdf5bb737adffe5043706e7c5bb1f1a56eea,90000000000000000000000,90000,20000000000,0x,0x,,,189078,,22386,19102579,0
2047969,0x5c753132539052fe78dd22f73763110b1811c67d883a95b83cda50f5b05206ff,1470856723,0x4e33ff53d5649d59f2eb247e318ac4c3f08b0113c1da11b8c86691187edab43d,1173,6,0xd24400ae8bfebb18ca49be86258a3c749cf46853,0x61edcdf5bb737adffe5043706e7c5bb1f1a56eea,60000000000000000000000,90000,20000000000,0x,0x,,,180097,,22386,19102564,0
2047977,0xcf2dba2c9d276981454d15d8bf083c96cf56be501818750be88fcd4c35217ce1,1470856828,0x1ad6d38b7e7cd3e8ca24f7255ca31944159057a1cb6140bf4b53305a18805c85,1175,0,0xd24400ae8bfebb18ca49be86258a3c749cf46853,0x61edcdf5bb737adffe5043706e7c5bb1f1a56eea,40000000000000000000000,90000,20000000000,0x,0x,,,22386,,22386,19102556,0
2047990,0x6e7554da742cb828416c4e9cf1b56dfd8e0581a5ec2baaa93278575604aa0e02,1470856962,0xde404f928153f508a01a8bf950b5ea29b22620b23e6b5af50ef81e32b95ee7ec,1176,5,0xd24400ae8bfebb18ca49be86258a3c749cf46853,0x61edcdf5bb737adffe5043706e7c5bb1f1a56eea,10000000000000000000000,90000,20000000000,0x,0x,,,2197385,,22386,19102543,0
2078450,0x5e513da1153de11a399685d870a3c01070251196dc2c0bcd4775d2c46d5f22b0,1471292909,0x955ee6e1025b4e43a51a61aff9da9cd0eab1b106c5e90e9fe3c6ee4d781cc883,1240,2,0xd24400ae8bfebb18ca49be86258a3c749cf46853,0x61edcdf5bb737adffe5043706e7c5bb1f1a56eea,0,300000,20000000000,0xda95ebf7000000000000000000000000d24400ae8bfebb18ca49be86258a3c749cf468530000000000000000000000000000000000000000000000000de0b6b3a7640000,0xda95ebf7,"requestWithdrawal(address beneficiary, uint256 amount)",,132652,,90652,19072083,0
2082827,0xb1cac6f435f226c76b0e862f791d2d1c5ad3992e6f49734b2b0711c8ccb3a828,1471354924,0xb4f13d237f8bd4d9d579b57bdc56d5ad176f2c22dbd62e9ee867b4415a4caa0e,1243,37,0xd24400ae8bfebb18ca49be86258a3c749cf46853,0x61edcdf5bb737adffe5043706e7c5bb1f1a56eea,0,300000,20000000000,0xb00606a56f4dfb8fce56ae2d46af524f8fc3606cef1ebfa46f378dac05fc586cc32413aa000000000000000000000000000000000000000000000000000000000000001cc0ccb4ffdfb722e86bfd92dbb800081834bf1a6eb7c7ce02801021d867433e7534378be77288b606db55bc70cfd3a97388af99089c145f465944c15f8e81779a,0xb00606a5,"confirm(bytes32 seed, uint8 _v, bytes32 _r, bytes32 _s)",,1085507,,53927,19067706,0
2082827,0xb1cac6f435f226c76b0e862f791d2d1c5ad3992e6f49734b2b0711c8ccb3a828,1471354924,0xadb36714e110175e422ac0328e714df9471ee47c53c42fc861e603b299e24c59,1244,39,0xd24400ae8bfebb18ca49be86258a3c749cf46853,0x61edcdf5bb737adffe5043706e7c5bb1f1a56eea,0,300000,20000000000,0xb00606a56f4dfb8fce56ae2d46af524f8fc3606cef1ebfa46f378dac05fc586cc32413aa000000000000000000000000000000000000000000000000000000000000001cf0fbbf61bc302f98c07832c9bbed0773d8ceb93912fb7dfa343258684111e0a4491cf1ad379c8e8ca1989e7758238ec100a7118a97a13448375fa3dff598b748,0xb00606a5,"confirm(bytes32 seed, uint8 _v, bytes32 _r, bytes32 _s)",,1145924,,30931,19067706,0
2125542,0xe275ff03acd3b740ad80153921e96f06d0dad987126c96954c557e377d5e56dc,1471964491,0x5ddc5b7b4f5910630de989448043cc320f7593e18746ac3391cc21aaa0606362,1298,40,0xd24400ae8bfebb18ca49be86258a3c749cf46853,0x61edcdf5bb737adffe5043706e7c5bb1f1a56eea,0,300000,20000000000,0xb00606a5ce375a4290011abc4831aafb166a1759a5b5114ea3f5264121f4cc1b8ad8f7bd000000000000000000000000000000000000000000000000000000000000001b21ab822ddd7e0a0b3e17cf6497d7453d9ee66b9dd0aeeeeb7c0879d34a58b06a12db8c64da5ff27838f246aed54407d7a441fde58093e69abefa78bd9744be06,0xb00606a5,"confirm(bytes32 seed, uint8 _v, bytes32 _r, bytes32 _s)",,1209229,,53991,19024991,0
2125542,0xe275ff03acd3b740ad80153921e96f06d0dad987126c96954c557e377d5e56dc,1471964491,0xe9853001981060cf2dbd0a8762d71e7fbbf9d3d9ce36fea6226fe58fd6fd20a6,1299,41,0xd24400ae8bfebb18ca49be86258a3c749cf46853,0x61edcdf5bb737adffe5043706e7c5bb1f1a56eea,0,300000,20000000000,0xb00606a5ce375a4290011abc4831aafb166a1759a5b5114ea3f5264121f4cc1b8ad8f7bd000000000000000000000000000000000000000000000000000000000000001cbe09fc34eab98c496c6b4610a20c73bef8de923ded399839092efc2c69862d2002a2c9912b499a7604a7bf4cf91812834b24444547488d856b07f5b828131b4c,0xb00606a5,"confirm(bytes32 seed, uint8 _v, bytes32 _r, bytes32 _s)",,1240192,,30963,19024991,0
2422126,0x335fb53717e024d047a765fbeca0377d5e804d6c5429fc04870fda1d3a223258,1476210156,0x2c1598e28d194322dab7fae16734a25bb64b89fff205b36cf166b6b2159fc08c,1654,12,0xd24400ae8bfebb18ca49be86258a3c749cf46853,0x61edcdf5bb737adffe5043706e7c5bb1f1a56eea,50000000000000000000000,90000,21336145755,0x,0x,,,398596,,22386,18728407,0
2518026,0xd66bb1edfa7cb5b895b3e70b8b6b26b4aa0947f87a7180beca78605acfd9acc3,1477582178,0xd51e52efb0a35630148fdb4415a1ab32afeaa3cc7e19486a4de2450664c79810,1721,51,0xd24400ae8bfebb18ca49be86258a3c749cf46853,0x61edcdf5bb737adffe5043706e7c5bb1f1a56eea,15000000000000000000000,90000,20000000000,0x,0x,,,1471951,,22386,18632507,0
2992362,0x42b603530a3836a938485f642df6663bce304a930f441a9431528662758f8f10,1484366369,0xe2260d2430e2f1c1ffc805fe8fb733e8b41a01e6bcf53aeb27b82c3b5313f125,2380,23,0xd24400ae8bfebb18ca49be86258a3c749cf46853,0x61edcdf5bb737adffe5043706e7c5bb1f1a56eea,50000000000000000000000,90000,20000000000,0x,0x,,,663716,,22426,18158171,0
3050860,0x78e48c80ae7a8b19ff6d5f497df5d21f62ed1ad255c4e10f21fd6594597cbcec,1485201293,0x2dfb40440f2c7f41f49ebcccbc547966af564d9bf0a4ae1a7ba6b323f94d8292,2534,1,0xd24400ae8bfebb18ca49be86258a3c749cf46853,0x61edcdf5bb737adffe5043706e7c5bb1f1a56eea,0,300000,20000000000,0xda95ebf7000000000000000000000000d24400ae8bfebb18ca49be86258a3c749cf468530000000000000000000000000000000000000000000000000de0b6b3a7640000,0xda95ebf7,"requestWithdrawal(address beneficiary, uint256 amount)",,118812,,91032,18099673,0
3074465,0xed3a04e279230de9ee95948e4128275fffd54f88c3095a5b336e00811b8a1047,1485538723,0x8a7a5b0350fd6ae78faffd48fc3b63ed8e74e4635e6c81a0cfa5bf81614e375f,2563,6,0xd24400ae8bfebb18ca49be86258a3c749cf46853,0x61edcdf5bb737adffe5043706e7c5bb1f1a56eea,0,300000,20000000000,0xb00606a5ff0ec8298cd021c6a6bcd5250360a8e58ad0bd1e778d9ee02e8e1642ffe4bbe5000000000000000000000000000000000000000000000000000000000000001c0a70de4f1cbb5023a28eeb383946116b0e691b0b5a7be7e5b4a16fd1470bb035263c507e4607e812e97e0b96b0fe518cc5de21c5c7fc299aac5c3e554943c3ff,0xb00606a5,"confirm(bytes32 seed, uint8 _v, bytes32 _r, bytes32 _s)",,181911,,55911,18076068,0
3074465,0xed3a04e279230de9ee95948e4128275fffd54f88c3095a5b336e00811b8a1047,1485538723,0x99c61088f38f605eeff86f5f685da359ab55edd5f3e1e8b159e429aa7ba442c3,2564,13,0xd24400ae8bfebb18ca49be86258a3c749cf46853,0x61edcdf5bb737adffe5043706e7c5bb1f1a56eea,0,300000,20000000000,0xb00606a5ff0ec8298cd021c6a6bcd5250360a8e58ad0bd1e778d9ee02e8e1642ffe4bbe5000000000000000000000000000000000000000000000000000000000000001b57a674e7b8717a40b61c7e325704071b98f57b56bf43fd7af25e5e8edfcb3c466e38dd3ef104a3974a1c2def8ae013d47bbc1cf2189765d537b7db7f83638f04,0xb00606a5,"confirm(bytes32 seed, uint8 _v, bytes32 _r, bytes32 _s)",,357057,,32788,18076068,0
3140363,0x7c9e01e77346ff19a035b477d3e33e936b8a4e5251b80eb62763c4db7c291c14,1486482430,0x9bd02d2007b78bcd5e93a36c6beb722fcfa18e28bb651ef5b63f456c703b3b78,2757,29,0xd24400ae8bfebb18ca49be86258a3c749cf46853,0x61edcdf5bb737adffe5043706e7c5bb1f1a56eea,70000000000000000000000,90000,20000000000,0x,0x,,,1006103,,22426,18010170,0
3148256,0x6af69c24ab8ad3430f490cb13dfb49b03b1e2e7d9f86905a75336702ee6538b8,1486595162,0x24b63baa32ee4cef6882c8190a40c4f4b47c451fa516b89bfc634730ce4f1ff6,2807,3,0xd24400ae8bfebb18ca49be86258a3c749cf46853,0x61edcdf5bb737adffe5043706e7c5bb1f1a56eea,70000000000000000000000,90000,20000000000,0x,0x,,,197079,,22426,18002277,0
3160129,0x9f837473bb1ed9a029ce6f95c78a83e32ee4796876c77bcf7925a733ac05d68b,1486765436,0x77e5fbcf79f8eaad949ab80350784ddd3a7dab23e9ed7bf763aa850b0db12551,2907,12,0xd24400ae8bfebb18ca49be86258a3c749cf46853,0x61edcdf5bb737adffe5043706e7c5bb1f1a56eea,50000000000000000000000,90000,20000000000,0x,0x,,,305541,,22426,17990404,0
3189723,0x98367aed21d463d857dd5cc94cd460521d9aab893406da60168e8d31ba341c81,1487187954,0xa181a59494aa734424c4b4bb4831dd288c5baded0b472ab2089ed6e5aadaf4a1,3124,1,0xd24400ae8bfebb18ca49be86258a3c749cf46853,0x61edcdf5bb737adffe5043706e7c5bb1f1a56eea,25000000000000000000000,90000,20000000000,0x,0x,,,344556,,22426,17960810,0
3201619,0xaa28ebf31726ab5c3309293589e65f0234597cc8bb68add45668f44381cd635e,1487357694,0x62665a5455d5f69d2021a8b96a666b97fee4778dc3e912e5352e73788774ea37,3202,0,0xd24400ae8bfebb18ca49be86258a3c749cf46853,0x61edcdf5bb737adffe5043706e7c5bb1f1a56eea,25000000000000000000000,90000,20000000000,0x,0x,,,22426,,22426,17948914,0
3260020,0x38b53a7d41f4aaf9ddf866c8c9a3d081b3ec71b9ce4b4ad16a68847ae164fb19,1488195546,0x4d7d532e9eb8ee8cdc7fcc40e3e31d0ca93fa88e1f74ef406ae69eada5308414,3453,9,0xd24400ae8bfebb18ca49be86258a3c749cf46853,0x61edcdf5bb737adffe5043706e7c5bb1f1a56eea,50000000000000000000000,90000,20000000000,0x,0x,,,407674,,22426,17890513,0
3267958,0x8029050aacecc5f3e6d1de4f1e3657f78a27345f5134dc56485ce842b0c31a41,1488308865,0xe74c1e8ecff2b90ea20daec3fe84eed99b74b7f557fd6915b2321d0365632aed,3508,1,0xd24400ae8bfebb18ca49be86258a3c749cf46853,0x61edcdf5bb737adffe5043706e7c5bb1f1a56eea,100000000000000000000000,90000,20000000000,0x,0x,,,88226,,22426,17882575,0
3268295,0xac500138bc1587512269df498d3148de3bb3c5de50032c17460438bc85f43c4e,1488314176,0xb447485c7438d671cb3ebae1948e584b70799290841d67cdf7d069ceed92c529,3511,9,0xd24400ae8bfebb18ca49be86258a3c749cf46853,0x61edcdf5bb737adffe5043706e7c5bb1f1a56eea,100000000000000000000000,90000,20000000000,0x,0x,,,386185,,22426,17882238,0
3275780,0x226ac25ee77591a3d93d870ba9da224c9054c1731bcca169552379b43853d8e5,1488422169,0xd09c5cb1bd6b64301b06659519bd1bb13c2c75ee6baa5622fb144f952ba352ef,3579,38,0xd24400ae8bfebb18ca49be86258a3c749cf46853,0x61edcdf5bb737adffe5043706e7c5bb1f1a56eea,100000000000000000000000,90000,20000000000,0x,0x,,,1256562,,22426,17874753,0
3275780,0x226ac25ee77591a3d93d870ba9da224c9054c1731bcca169552379b43853d8e5,1488422169,0xe70df0d2d1d2f8f9c892c3b5e79c66236f7c228e6b2e453afc5bf9b4867a9bad,3580,47,0xd24400ae8bfebb18ca49be86258a3c749cf46853,0x61edcdf5bb737adffe5043706e7c5bb1f1a56eea,100000000000000000000000,90000,20000000000,0x,0x,,,1538932,,22426,17874753,0
3333711,0x5f49faf99cb49f42ba44233e1a06119a17b0407b155aba55c4653e7d43415a54,1489256936,0x556ba1557ff93d34375d2d6d4fbfb0bae0d802aced35d3688019b5d43f6f564c,4065,20,0xd24400ae8bfebb18ca49be86258a3c749cf46853,0x61edcdf5bb737adffe5043706e7c5bb1f1a56eea,50000000000000000000000,90000,20000000000,0x,0x,,,558943,,22426,17816822,0
3374790,0x15eba24fbc0570acfd25d429797dc4181cfcfe4e8707414bfb3849dd65705396,1489848818,0x351f749e1072795bd1631e19bbbf1be5baf5cb1f12589ee6ec5014f69112aa76,4958,10,0xd24400ae8bfebb18ca49be86258a3c749cf46853,0x61edcdf5bb737adffe5043706e7c5bb1f1a56eea,50000000000000000000000,90000,20000000000,0x,0x,,,389774,,22426,17775743,0
12149540,0xfbe03b8a3f5e1e22f3754348b3bdb6076a7c35002b937cd651f80d510517f8f4,1617225455,0x7310481ed9128aea9206f92cbd1e620ee9882848910c791bc67323a902a86b9a,0,57,0x7fdd9c6be666561e088607bda6047feb283fb4a5,0x267be1c1d684f78cb4f6a176c4911b741e4ffdc0,44865500000000000,21000,244500000000,0x,0x,,,3610945,1,21000,9001030,0
13540719,0x655c34b7414fccf1ee3e92e23d2a4a2b584d0593af55273c9d124bbbd549036c,1635899375,0x2292f7986b1fa9adb9384b45b769c2cf91856209a74ccc4b9c460183269dcacb,1,28,0x7fdd9c6be666561e088607bda6047feb283fb4a5,0x267be1c1d684f78cb4f6a176c4911b741e4ffdc0,43520000000000000000000,21000,244500000000,0x,0x,,,2158545,1,21000,7609851,0
13828139,0x55789f69cea29cb643f6cc28e456c9b6d81b01397678ada2908f2eab148f651c,1639817079,0xa45fddf2f59314c43361880d4cde77fda3206ddbb28f99dec4d88ebbf3acdd57,3,0,0x7fdd9c6be666561e088607bda6047feb283fb4a5,0x267be1c1d684f78cb4f6a176c4911b741e4ffdc0,6390000000000000000000,21000,244500000000,0x,0x,,,21000,1,21000,7322431,0
14588810,0x9024ccf5c3da7f4543b262db6754bc47999b77be5ff981af70e0fc3361af095b,1650010681,0x096df62aef874da676a5c86ffd6d5b41ce65127b5cfbf426d1e919f1c2430e92,4,12,0x7fdd9c6be666561e088607bda6047feb283fb4a5,0x267be1c1d684f78cb4f6a176c4911b741e4ffdc0,72454830000000000000000,21000,80000000000,0x,0x,,,697482,1,21000,6561760,0
18882709,0xb06f74ff8d78d8ef1d3ab52d59f6c05bab40347e80df8a9c4afba94e93a383ad,1703749499,0x49ebc68adcbf9d2797496af8a51b98a684a66d46c1eff151aa467acc2596a5f6,5,23,0x7fdd9c6be666561e088607bda6047feb283fb4a5,0x267be1c1d684f78cb4f6a176c4911b741e4ffdc0,428385220000000000000,500000,200000000000,0x,0x,,,2426379,1,21000,2267861,0
